-99.2874,-15.4603,-165.3007,0.001110
-101.0683,-15.4646,-165.3013,0.001877
-102.9832,-15.4702,-165.3021,0.002694
-104.7587,-15.4755,-165.3029,0.003459
-106.5317,-15.4809,-165.3039,0.004219
-108.1661,-15.4859,-165.3050,0.004919
-110.0702,-15.4913,-165.3065,0.005733
-111.8354,-15.4960,-165.3083,0.006488
-113.5982,-15.5005,-165.3102,0.007244
-115.3583,-15.5045,-165.3126,0.007987
-117.2511,-15.5090,-165.3152,0.008794
-119.0059,-15.5125,-165.3184,0.009547
-120.7582,-15.5159,-165.3221,0.010292
-122.5078,-15.5195,-165.3258,0.011033
-124.1206,-15.5227,-165.3298,0.011721
-125.9992,-15.5267,-165.3344,0.012531
-127.7409,-15.5306,-165.3385,0.013260
-129.4799,-15.5345,-165.3421,0.014001
-131.0828,-15.5384,-165.3449,0.014686
-132.6836,-15.5422,-165.3473,0.015423
-134.2822,-15.5462,-165.3489,0.015851
-136.0116,-15.5504,-165.3500,0.016787
-137.7387,-15.5543,-165.3498,0.017871
-139.4630,-15.5572,-165.3492,0.018146
-141.0524,-15.5601,-165.3479,0.018927
-142.6406,-15.5606,-165.3450,0.019600
-144.0939,-15.5609,-165.3429,0.020216
-145.8093,-15.5617,-165.3389,0.020945
-147.3906,-15.5620,-165.3356,0.021618
-148.9693,-15.5629,-165.3318,0.022293
-150.6777,-15.5659,-165.3275,0.023019
-152.2525,-15.5688,-165.3233,0.023688
-153.8250,-15.5728,-165.3190,0.024359
-155.3957,-15.5773,-165.3143,0.025030
-156.9643,-15.5818,-165.3099,0.025693
-158.4004,-15.5866,-165.3054,0.026309
-159.9652,-15.5918,-165.3005,0.026969
-161.5278,-15.5973,-165.2959,0.027633
-163.0885,-15.6031,-165.2908,0.028305
-164.5172,-15.6084,-165.2866,0.028908
-166.2036,-15.6153,-165.2811,0.029625
-167.8876,-15.6221,-165.2756,0.030340
-169.4400,-15.6282,-165.2710,0.030999
-170.9904,-15.6342,-165.2660,0.031662
-172.4100,-15.6396,-165.2616,0.032265
-173.9565,-15.6446,-165.2568,0.032917
-175.5009,-15.6495,-165.2521,0.033576
-177.0432,-15.6551,-165.2479,0.034223
-178.5837,-15.6611,-165.2433,0.034887
-179.9940,-15.6666,-165.2392,0.035486
-181.4019,-15.6749,-165.2362,0.036090
-183.0645,-15.6849,-165.2312,0.036789
-184.4695,-15.6931,-165.2279,0.037386
-185.8728,-15.7012,-165.2237,0.037988
-187.4017,-15.7100,-165.2188,0.038633
-188.8024,-15.7152,-165.2141,0.039229
-190.3274,-15.7199,-165.2086,0.039878
-191.8506,-15.7244,-165.2026,0.040521
-193.3717,-15.7281,-165.1965,0.041174
-194.7643,-15.7314,-165.1906,0.041772
-196.1547,-15.7357,-165.1847,0.042354
-197.5440,-15.7409,-165.1782,0.042942
-199.0577,-15.7466,-165.1707,0.043588
-200.6954,-15.7524,-165.1624,0.044291
-202.2051,-15.7577,-165.1543,0.044930
-203.5881,-15.7620,-165.1467,0.045510
-205.0948,-15.7644,-165.1385,0.046161
-206.4750,-15.7667,-165.1311,0.046749
-207.8545,-15.7686,-165.1237,0.047334
-209.3580,-15.7702,-165.1159,0.047972
-210.8600,-15.7717,-165.1086,0.048615
-212.2345,-15.7740,-165.1018,0.049201
-213.7320,-15.7766,-165.0951,0.049836
-215.2270,-15.7794,-165.0838,0.050474
-216.5955,-15.7831,-165.0780,0.051058
-218.0863,-15.7872,-165.0718,0.051688
-219.4493,-15.7931,-165.0662,0.052267
-220.8141,-15.7995,-165.0630,0.052845
-222.2990,-15.8028,-165.0577,0.053484
-223.6578,-15.8072,-165.0559,0.054063
-225.0154,-15.8124,-165.0526,0.054637
-226.4942,-15.8181,-165.0500,0.055265
-227.9714,-15.8221,-165.0486,0.055896
-229.3232,-15.8253,-165.0486,0.056467
-230.6734,-15.8284,-165.0486,0.057047
-232.0211,-15.8320,-165.0519,0.057621
-233.4897,-15.8358,-165.0556,0.058241
-234.8336,-15.8396,-165.0607,0.058815
-236.1765,-15.8451,-165.0674,0.059387
-237.5175,-15.8506,-165.0757,0.059959
-238.8566,-15.8562,-165.0867,0.060529
-240.1941,-15.8622,-165.0986,0.061100
-241.5297,-15.8681,-165.1123,0.061664
-242.8636,-15.8738,-165.1278,0.062231
-244.3165,-15.8795,-165.1469,0.062859
-245.6463,-15.8847,-165.1662,0.063421
-246.9752,-15.8896,-165.1875,0.063985
-248.3029,-15.8941,-165.2103,0.064550
-249.7501,-15.8990,-165.2369,0.065167
-251.1961,-15.9033,-165.2648,0.065780
-252.6372,-15.9069,-165.2941,0.066393
-253.9519,-15.9092,-165.3223,0.066947
-255.2618,-15.9108,-165.3510,0.067506
-256.5656,-15.9122,-165.3810,0.068063
-257.8635,-15.9133,-165.4123,0.068614
-259.1544,-15.9158,-165.4440,0.069158
-260.5555,-15.9191,-165.4785,0.069759
-261.8330,-15.9223,-165.5101,0.070305
-263.2192,-15.9247,-165.5437,0.070889
-264.4828,-15.9266,-165.5742,0.071430
-265.8540,-15.9288,-165.6069,0.072007
-267.1048,-15.9315,-165.6361,0.072535
-268.4626,-15.9344,-165.6671,0.073114
-269.7014,-15.9371,-165.6947,0.073644
-271.0468,-15.9408,-165.7237,0.074208
-272.2747,-15.9441,-165.7491,0.074735
-273.6079,-15.9480,-165.7755,0.075296
-274.8250,-15.9521,-165.7983,0.075817
-276.1470,-15.9566,-165.8219,0.076381
-277.3534,-15.9607,-165.8423,0.076892
-278.5551,-15.9653,-165.8614,0.077403
-279.7518,-15.9698,-165.8793,0.077913
-281.0516,-15.9746,-165.8974,0.078468
-282.2376,-15.9794,-165.9126,0.078971
-283.5252,-15.9843,-165.9278,0.079517
-284.5931,-15.9884,-165.9394,0.079971
-285.8679,-15.9939,-165.9520,0.080516
-287.0303,-15.9984,-165.9620,0.081006
-288.1860,-16.0030,-165.9710,0.081501
-289.4389,-16.0087,-165.9794,0.082041
-290.5812,-16.0137,-165.9852,0.082537
-291.8195,-16.0189,-165.9905,0.083053
-292.9476,-16.0240,-165.9939,0.083536
-294.0700,-16.0293,-165.9955,0.084020
-295.2868,-16.0343,-165.9962,0.084527
-296.3952,-16.0389,-165.9956,0.085010
-297.4978,-16.0442,-165.9931,0.085480
-298.6923,-16.0486,-165.9895,0.085994
-299.7800,-16.0527,-165.9850,0.086453
-300.8598,-16.0577,-165.9793,0.086919
-302.0294,-16.0630,-165.9715,0.087419
-303.0927,-16.0677,-165.9633,0.087875
-304.1469,-16.0726,-165.9541,0.088332
-305.1926,-16.0785,-165.9442,0.088789
-306.2297,-16.0849,-165.9328,0.089227
-307.2573,-16.0914,-165.9203,0.089671
-308.2747,-16.0970,-165.9068,0.090115
-309.2794,-16.1037,-165.8929,0.090546
-310.3610,-16.1112,-165.8759,0.091021
-311.3390,-16.1178,-165.8591,0.091453
-312.3892,-16.1239,-165.8401,0.091917
-313.3379,-16.1300,-165.8215,0.092338
-314.2726,-16.1361,-165.8018,0.092753
-315.2765,-16.1422,-165.7793,0.093208
-316.1811,-16.1474,-165.7582,0.093612
-317.0721,-16.1529,-165.7360,0.094014
-317.9491,-16.1583,-165.7129,0.094411
-318.8902,-16.1637,-165.6866,0.094838
-319.7373,-16.1685,-165.6623,0.095231
-320.5716,-16.1738,-165.6362,0.095610
-321.4665,-16.1796,-165.6060,0.096022
-322.2738,-16.1849,-165.5770,0.096401
-323.0677,-16.1889,-165.5471,0.096763
-323.9208,-16.1937,-165.5126,0.097160
-324.7603,-16.1985,-165.4761,0.097547
-325.5186,-16.2029,-165.4407,0.097901
-326.2663,-16.2072,-165.4030,0.098244
-327.0034,-16.2113,-165.3620,0.098586
-327.7958,-16.2159,-165.3119,0.098958
-328.5120,-16.2202,-165.2601,0.099301
-329.2196,-16.2244,-165.2020,0.099632
-329.9177,-16.2082,-165.0623,0.099968
-330.6072,-16.1961,-164.9856,0.100296
-331.2892,-16.1824,-164.9001,0.100625
-332.0303,-16.1681,-164.8000,0.100991
-332.7685,-16.1472,-164.6834,0.101340
-333.4478,-16.1656,-164.6673,0.101669
-334.1234,-16.1694,-164.5609,0.101991
-334.7967,-16.1735,-164.4491,0.102321
-335.4666,-16.1776,-164.3310,0.102640
-336.1332,-16.1818,-164.2071,0.102970
-336.8563,-16.1867,-164.0657,0.103323
-337.4562,-16.1916,-163.9438,0.103621
-338.1147,-16.1972,-163.8027,0.103939
-338.8292,-16.2027,-163.6409,0.104296
-339.5393,-16.2084,-163.4708,0.104647
-340.1868,-16.2142,-163.3078,0.104972
-340.8311,-16.2205,-163.1388,0.105296
-341.4145,-16.2263,-162.9793,0.105595
-342.0531,-16.2324,-162.7970,0.105912
-342.6874,-16.2384,-162.6082,0.106232
-343.3188,-16.2453,-162.4115,0.106551
-343.9465,-16.2516,-162.2085,0.106857
-344.5704,-16.2588,-161.9987,0.107206
-345.1917,-16.2661,-161.7808,0.107519
-345.8643,-16.2741,-161.5357,0.107874
-346.4223,-16.2821,-161.3234,0.108168
-347.0323,-16.2897,-161.0842,0.108478
-347.6385,-16.2975,-160.8378,0.108801
-348.2946,-16.3069,-160.5600,0.109156
-348.8936,-16.3159,-160.2976,0.109469
-349.4868,-16.3240,-160.0274,0.109785
-350.0775,-16.3338,-159.7504,0.110097
-350.6664,-16.3413,-159.4659,0.110409
-351.2485,-16.3494,-159.1748,0.110736
-351.8307,-16.3582,-158.8777,0.111051
-352.4083,-16.3654,-158.5753,0.111361
-352.9841,-16.3738,-158.2676,0.111689
-353.6104,-16.3815,-157.9253,0.112024
-354.1797,-16.3888,-157.6061,0.112342
-354.7491,-16.3965,-157.2819,0.112657
-355.3124,-16.4017,-156.9530,0.112954
-355.9272,-16.4109,-156.5904,0.113308
-356.5390,-16.4210,-156.2233,0.113636
-357.0986,-16.4300,-155.8788,0.113947
-357.6546,-16.4357,-155.5346,0.114256
-358.2570,-16.4445,-155.1531,0.114592
-358.8102,-16.4555,-154.8009,0.114904
-359.4124,-16.4667,-154.4124,0.115232
-359.9144,-16.4736,-154.0863,0.115515
-360.4609,-16.4803,-153.7238,0.115820
-361.0073,-16.4887,-153.3575,0.116131
-361.5507,-16.4956,-152.9876,0.116435
-362.0927,-16.5025,-152.6144,0.116739
-362.6333,-16.5093,-152.2380,0.117040
-363.1720,-16.5173,-151.8597,0.117352
-363.7095,-16.5237,-151.4763,0.117662
-364.2441,-16.5302,-151.0913,0.117963
-364.8265,-16.5377,-150.6657,0.118298
-365.4064,-16.5439,-150.2371,0.118638
-365.9846,-16.5513,-149.8049,0.118970
-366.5120,-16.5570,-149.4044,0.119282
-367.0375,-16.5630,-149.0011,0.119576
-367.6093,-16.5696,-148.5561,0.119919
-368.1782,-16.5758,-148.1079,0.120248
-368.7443,-16.5828,-147.6536,0.120582
-369.2133,-16.5880,-147.2714,0.120857
-369.7268,-16.5939,-146.8472,0.121169
-370.2378,-16.5999,-146.4189,0.121475
-370.7926,-16.6068,-145.9477,0.121809
-371.3445,-16.6142,-145.4706,0.122134
-371.8471,-16.6208,-145.0290,0.122445
-372.3471,-16.6287,-144.5847,0.122758
-372.8448,-16.6361,-144.1341,0.123060
-373.2943,-16.6427,-143.7216,0.123339
-373.7860,-16.6504,-143.2635,0.123643
-374.2752,-16.6584,-142.8012,0.123950
-374.7617,-16.6663,-142.3350,0.124251
-375.2452,-16.6744,-141.8647,0.124560
-375.7691,-16.6835,-141.3468,0.124889
-376.2458,-16.6916,-140.8674,0.125206
-376.7601,-16.7005,-140.3394,0.125533
-377.2277,-16.7091,-139.8505,0.125842
-377.7326,-16.7183,-139.3123,0.126178
-378.1901,-16.7267,-138.8140,0.126477
-378.6829,-16.7358,-138.2652,0.126819
-379.1292,-16.7442,-137.7572,0.127124
-379.5316,-16.7517,-137.2917,0.127394
-379.9703,-16.7594,-136.7760,0.127708
-380.4040,-16.7668,-136.2554,0.128015
-380.8323,-16.7742,-135.7308,0.128319
-381.2936,-16.7822,-135.1534,0.128657
-381.7127,-16.7888,-134.6199,0.128964
-382.1643,-16.7954,-134.0327,0.129293
-382.5734,-16.7999,-133.4910,0.129604
-383.0485,-16.8054,-132.8459,0.129971
-383.4466,-16.8108,-132.2962,0.130279
-383.8763,-16.8139,-131.6914,0.130613
-384.2656,-16.8181,-131.1341,0.130915
-384.6503,-16.8212,-130.5726,0.131237
-385.0623,-16.8252,-129.9570,0.131562
-385.4367,-16.8290,-129.3889,0.131877
-385.8401,-16.8327,-128.7657,0.132212
-386.2038,-16.8348,-128.1894,0.132514
-386.5286,-16.8363,-127.6642,0.132797
-386.9151,-16.8400,-127.0303,0.133128
-387.3281,-16.8439,-126.3396,0.133497
-387.7033,-16.8475,-125.6981,0.133828
-388.0400,-16.8497,-125.1063,0.134144
-388.3723,-16.8530,-124.5122,0.134443
-388.7293,-16.8569,-123.8615,0.134777
-389.0803,-16.8610,-123.2066,0.135115
-389.4245,-16.8649,-122.5482,0.135460
-389.7322,-16.8679,-121.9415,0.135771
-390.0349,-16.8717,-121.3324,0.136083
-390.3311,-16.8751,-120.7196,0.136383
-390.6483,-16.8776,-120.0490,0.136722
-390.9577,-16.8799,-119.3753,0.137060
-391.2342,-16.8810,-118.7544,0.137370
-391.5069,-16.8856,-118.1378,0.137682
-391.7704,-16.8945,-117.5127,0.137987
-392.0518,-16.9042,-116.8281,0.138321
-392.3384,-16.9398,-116.1416,0.138652
-392.5793,-16.9293,-115.5089,0.138965
-392.8296,-16.9183,-114.8177,0.139304
-393.0503,-16.9109,-114.1817,0.139607
-393.2702,-16.9045,-113.5451,0.139913
-393.4818,-16.9031,-112.9046,0.140217
-393.6891,-16.9015,-112.2606,0.140527
-393.9083,-16.8990,-111.5579,0.140856
-394.1024,-16.8971,-110.9133,0.141158
-394.2902,-16.8956,-110.2680,0.141466
-394.4723,-16.8943,-109.6216,0.141765
-394.6807,-16.8928,-108.8553,0.142130
-394.8492,-16.8913,-108.2057,0.142433
-395.0243,-16.8902,-107.4960,0.142765
-395.1906,-16.8896,-106.7852,0.143099
-395.3487,-16.8893,-106.0731,0.143428
-395.4864,-16.8893,-105.4184,0.143731
-395.6161,-16.8882,-104.7635,0.144035
-395.7376,-16.8876,-104.1080,0.144342
-395.8714,-16.8873,-103.3323,0.144698
-395.9868,-16.8874,-102.6151,0.145030
-396.1033,-16.8880,-101.8367,0.145378
-396.1945,-16.8886,-101.1774,0.145678
-396.2861,-16.8898,-100.4574,0.146015
-396.3634,-16.8912,-99.7969,0.146306
-396.4404,-16.8931,-99.0755,0.146639
-396.5045,-16.8952,-98.4136,0.146939
-396.5669,-16.8974,-97.6908,0.147263
-396.6212,-16.9000,-96.9679,0.147598
-396.6675,-16.9029,-96.2448,0.147924
-396.7062,-16.9062,-95.5213,0.148251
-396.7373,-16.9100,-94.7974,0.148578
-396.7608,-16.9137,-94.0729,0.148906
-396.7761,-16.9170,-93.4091,0.149207
-396.7860,-16.9210,-92.6848,0.149538
-396.7893,-16.9253,-91.9605,0.149863
-396.7860,-16.9299,-91.2361,0.150187
-396.7766,-16.9343,-90.5719,0.150487
-396.7616,-16.9382,-89.9085,0.150788
-396.7408,-16.9423,-89.2455,0.151076
-396.7148,-16.9467,-88.5828,0.151379
-396.6813,-16.9517,-87.8600,0.151707
-396.6464,-16.9566,-87.1974,0.151998
-396.6077,-16.9608,-86.5344,0.152297
-396.5619,-16.9651,-85.8121,0.152621
-396.5168,-16.9692,-85.1503,0.152910
-396.4689,-16.9735,-84.4889,0.153211
-396.4135,-16.9783,-83.7681,0.153536
-396.3549,-16.9829,-83.0478,0.153860
-396.2928,-16.9867,-82.3294,0.154173
-396.2225,-16.9908,-81.5531,0.154524
-396.1549,-16.9947,-80.8381,0.154850
-396.0905,-16.9984,-80.1840,0.155136
-396.0237,-17.0022,-79.5315,0.155427
-395.9464,-17.0062,-78.8208,0.155744
-395.8737,-17.0088,-78.1717,0.156032
-395.7982,-17.0115,-77.5241,0.156317
-395.7058,-17.0148,-76.7606,0.156661
-395.6174,-17.0181,-76.0577,0.156974
-395.5336,-17.0210,-75.4147,0.157260
-395.4368,-17.0229,-74.7150,0.157576
-395.3462,-17.0240,-74.0763,0.157863
-395.2437,-17.0254,-73.3816,0.158172
-395.1372,-17.0269,-72.6891,0.158476
-395.0261,-17.0285,-71.9988,0.158785
-394.9078,-17.0294,-71.3101,0.159098
-394.7970,-17.0283,-70.6822,0.159377
-394.6718,-17.0273,-69.9996,0.159686
-394.5422,-17.0264,-69.3187,0.159991
-394.4193,-17.0257,-68.6960,0.160267
-394.2683,-17.0254,-67.9628,0.160601
-394.1220,-17.0257,-67.2875,0.160907
-393.9710,-17.0259,-66.6142,0.161210
-393.8150,-17.0264,-65.9424,0.161511
-393.6541,-17.0269,-65.2718,0.161819
-393.4739,-17.0277,-64.5470,0.162143
-393.2881,-17.0312,-63.8256,0.162468
-393.1112,-17.0354,-63.1598,0.162768
-392.9290,-17.0398,-62.4960,0.163069
-392.7419,-17.0457,-61.8348,0.163372
-392.5970,-17.0504,-61.3400,0.163644
-392.3710,-17.0750,-60.5706,0.163943
-392.1651,-17.0909,-59.9154,0.164243
-391.9521,-17.1069,-59.2635,0.164541
-391.7289,-17.1215,-58.6161,0.164844
-391.4991,-17.1330,-57.9724,0.165143
-391.2617,-17.1418,-57.3314,0.165441
-390.9946,-17.1474,-56.6398,0.165767
-390.7418,-17.1493,-56.0041,0.166066
-390.4825,-17.1501,-55.3709,0.166365
-390.2158,-17.1496,-54.7397,0.166666
-389.9443,-17.1498,-54.1118,0.166963
-389.6669,-17.1524,-53.4867,0.167262
-389.3835,-17.1561,-52.8638,0.167556
-389.0947,-17.1620,-52.2450,0.167858
-388.7502,-17.1712,-51.5278,0.168208
-388.4069,-17.1117,-50.8682,0.168531
-388.0991,-17.0985,-50.2616,0.168824
-387.7947,-17.0896,-49.6579,0.169117
-387.4845,-17.0864,-49.0510,0.169417
-387.1678,-17.0831,-48.4478,0.169710
-386.8451,-17.0795,-47.8500,0.170009
-386.5180,-17.0757,-47.2573,0.170304
-386.1586,-17.0724,-46.6222,0.170625
-385.7892,-17.0693,-45.9927,0.170942
-385.4119,-17.0658,-45.3670,0.171265
-385.0573,-17.0640,-44.7927,0.171557
-384.6941,-17.0621,-44.2238,0.171852
-384.2927,-17.0604,-43.6150,0.172169
-383.9464,-17.0599,-43.1054,0.172438
-383.5302,-17.0601,-42.5072,0.172756
-383.1070,-17.0605,-41.9144,0.173074
-382.7098,-17.0622,-41.3730,0.173370
-382.2713,-17.0642,-40.7916,0.173684
-381.8609,-17.0661,-40.2607,0.173979
-381.4434,-17.0694,-39.7341,0.174271
-381.0185,-17.0716,-39.2120,0.174565
-380.5525,-17.0754,-38.6521,0.174882
-380.1131,-17.0788,-38.1394,0.175175
-379.6323,-17.0818,-37.5908,0.175493
-379.1403,-17.0869,-37.0483,0.175810
-378.6819,-17.0892,-36.5524,0.176106
-378.2185,-17.0939,-36.0630,0.176401
-377.7053,-17.0973,-35.5386,0.176719
-377.1885,-17.1012,-35.0236,0.177037
-376.6188,-17.1054,-34.4764,0.177381
-376.0882,-17.1082,-33.9752,0.177702
-375.5871,-17.1125,-33.5171,0.177998
-375.0422,-17.1133,-33.0269,0.178320
-374.5345,-17.1102,-32.5800,0.178617
-373.9767,-17.1101,-32.1048,0.178937
-373.4123,-17.1071,-31.6336,0.179255
-372.8454,-17.1065,-31.1693,0.179577
-372.2700,-17.1057,-30.7121,0.179898
-371.6898,-17.1043,-30.2588,0.180220
-371.1500,-17.1011,-29.8483,0.180518
-370.5617,-17.0999,-29.4085,0.180840
-370.0134,-17.0994,-29.0079,0.181139
-369.4144,-17.0993,-28.5791,0.181457
-368.8105,-17.0978,-28.1558,0.181778
-368.1557,-17.0973,-27.7088,0.182125
-367.5417,-17.0970,-27.3005,0.182449
-366.8764,-17.0966,-26.8674,0.182800
-366.2530,-17.0960,-26.4713,0.183123
-365.6742,-17.0950,-26.1119,0.183423
-364.9938,-17.0936,-25.6997,0.183771
-364.3579,-17.0920,-25.3233,0.184098
-363.7177,-17.0900,-24.9527,0.184420
-363.0237,-17.0865,-24.5612,0.184774
-362.3752,-17.0827,-24.2044,0.185101
-361.6732,-17.0785,-23.8281,0.185451
-361.0157,-17.0738,-23.4839,0.185778
-360.3564,-17.0674,-23.1462,0.186108
-359.6924,-17.0611,-22.8159,0.186435
-359.0263,-17.0533,-22.4910,0.186765
-358.3556,-17.0455,-22.1734,0.187091
-357.6837,-17.0360,-21.8625,0.187419
-357.0060,-17.0281,-21.5591,0.187749
-356.2756,-17.0176,-21.2394,0.188097
-355.5387,-17.0086,-20.9306,0.188454
-354.7486,-16.9977,-20.6110,0.188832
-354.0576,-16.9895,-20.3442,0.189161
-353.3138,-16.9801,-20.0668,0.189514
-352.6162,-16.9728,-19.8220,0.189843
-351.8656,-16.9626,-19.5711,0.190195
-351.1111,-16.9532,-19.3339,0.190546
-350.2968,-16.9382,-19.0953,0.190924
-349.4825,-16.9211,-18.8727,0.191302
-348.6706,-16.9174,-18.6382,0.191679
-347.9059,-16.9014,-18.4529,0.192030
-347.1400,-16.8899,-18.2827,0.192378
-346.4284,-16.8823,-18.1382,0.192705
-345.6615,-16.8746,-17.9923,0.193054
-344.8394,-16.8658,-17.8481,0.193429
-344.0732,-16.8104,-17.7331,0.193772
-343.3610,-16.7964,-17.6353,0.194095
-342.5932,-16.7828,-17.5349,0.194439
-341.8228,-16.7708,-17.4354,0.194785
-341.0540,-16.7592,-17.3497,0.195129
-340.3404,-16.7506,-17.2828,0.195451
-339.5190,-16.7408,-17.2151,0.195822
-338.7547,-16.7322,-17.1626,0.196163
-338.0426,-16.7247,-17.1236,0.196484
-337.2716,-16.7166,-17.0916,0.196829
-336.4975,-16.7084,-17.0711,0.197174
-335.7201,-16.7000,-17.0614,0.197521
-334.9397,-16.6910,-17.0613,0.197869
-334.1550,-16.6823,-17.0691,0.198221
-333.3651,-16.6730,-17.0843,0.198574
-332.6273,-16.6643,-17.1048,0.198905
-331.8271,-16.6553,-17.1326,0.199263
-331.0208,-16.6460,-17.1650,0.199622
-330.2076,-16.6367,-17.2020,0.199988
-329.3872,-16.6275,-17.2441,0.200353
-328.5594,-16.6185,-17.2911,0.200727
-327.7238,-16.6098,-17.3428,0.201104
-326.9406,-16.6018,-17.3954,0.201457
-326.0894,-16.5937,-17.4569,0.201843
-325.1676,-16.5850,-17.5284,0.202261
-324.2988,-16.5767,-17.6003,0.202657
-323.3581,-16.5683,-17.6831,0.203085
-322.4712,-16.5608,-17.7655,0.203489
-321.5750,-16.5533,-17.8525,0.203896
-320.7354,-16.5462,-17.9376,0.204277
-319.8224,-16.5389,-18.0336,0.204694
-318.8344,-16.5312,-18.1413,0.205143
-317.9029,-16.5241,-18.2461,0.205567
-316.9625,-16.5173,-18.3547,0.205998
-316.0133,-16.5104,-18.4670,0.206428
-315.0551,-16.5035,-18.5824,0.206865
-314.1570,-16.4973,-18.6922,0.207277
-313.1809,-16.4904,-18.8131,0.207722
-312.1956,-16.4838,-18.9365,0.208175
-311.2723,-16.4777,-19.0533,0.208594
-310.2686,-16.4712,-19.1811,0.209054
-309.1831,-16.4641,-19.3204,0.209546
-308.0862,-16.4571,-19.4617,0.210050
-307.0532,-16.4509,-19.5952,0.210519
-306.0103,-16.4445,-19.7300,0.210997
-304.9577,-16.4386,-19.8664,0.211474
-303.9718,-16.4328,-19.9944,0.211922
-302.8238,-16.4267,-20.1441,0.212440
-301.6648,-16.4203,-20.2957,0.212960
-300.5730,-16.4145,-20.4394,0.213456
-299.5510,-16.4090,-20.5748,0.213910
-298.4410,-16.4030,-20.7226,0.214407
-297.2413,-16.3967,-20.8835,0.214939
-296.1118,-16.3905,-21.0357,0.215438
-295.0546,-16.3848,-21.1788,0.215907
-293.9089,-16.3782,-21.3349,0.216417
-292.7558,-16.3716,-21.4925,0.216921
-291.5989,-16.3650,-21.6517,0.217429
-290.4409,-16.3577,-21.8116,0.217931
-289.2833,-16.3505,-21.9723,0.218436
-288.2105,-16.3436,-22.1222,0.218902
-287.0563,-16.3363,-22.2837,0.219402
-285.9874,-16.3302,-22.4337,0.219862
-284.8391,-16.3236,-22.5945,0.220355
-283.6933,-16.3184,-22.7551,0.220846
-282.5508,-16.3138,-22.9148,0.221329
-281.4106,-16.3101,-23.0739,0.221815
-280.3549,-16.3075,-23.2208,0.222266
-279.3013,-16.3053,-23.3672,0.222711
-278.2502,-16.3030,-23.5128,0.223158
-277.1210,-16.3007,-23.6689,0.223635
-276.0750,-16.2983,-23.8130,0.224077
-274.8709,-16.2949,-23.9785,0.224584
-273.8303,-16.2913,-24.1210,0.225025
-272.7125,-16.2874,-24.2737,0.225494
-271.6770,-16.2840,-24.4149,0.225934
-270.6436,-16.2798,-24.5549,0.226371
-269.6128,-16.2756,-24.6938,0.226806
-268.5053,-16.2710,-24.8423,0.227277
-267.4796,-16.2668,-24.9793,0.227710
-266.4562,-16.2625,-25.1153,0.228145
-265.4353,-16.2582,-25.2505,0.228575
-264.3386,-16.2536,-25.3952,0.229040
-263.2446,-16.2487,-25.5391,0.229504
-262.1535,-16.2433,-25.6819,0.229967
-261.2205,-16.2388,-25.8035,0.230361
-260.1343,-16.2334,-25.9442,0.230823
-259.1277,-16.2278,-26.0739,0.231252
-258.0467,-16.2211,-26.2118,0.231711
-257.0452,-16.2148,-26.3385,0.232137
-256.0461,-16.2085,-26.4639,0.232562
-255.0487,-16.2015,-26.5889,0.232984
-253.9778,-16.1927,-26.7212,0.233440
-252.9859,-16.1844,-26.8427,0.233861
-251.9963,-16.1762,-26.9631,0.234282
-251.0084,-16.1675,-27.0837,0.234704
-249.9480,-16.1560,-27.2111,0.235156
-248.8904,-16.1444,-27.3372,0.235607
-247.9108,-16.1337,-27.4532,0.236024
-246.8578,-16.1223,-27.5786,0.236474
-245.8831,-16.1099,-27.6924,0.236891
-244.8361,-16.0966,-27.8139,0.237338
-243.8661,-16.0842,-27.9255,0.237752
-242.8241,-16.0718,-28.0463,0.238198
-241.7846,-16.0581,-28.1637,0.238641
-240.7487,-16.0452,-28.2802,0.239084
-239.7129,-16.0302,-28.3951,0.239525
-238.6805,-16.0151,-28.5060,0.239965
-237.6503,-15.9995,-28.6155,0.240407
-236.6224,-15.9834,-28.7202,0.240844
-235.5960,-15.9652,-28.8230,0.241280
-234.5728,-15.9461,-28.9204,0.241713
-233.6242,-15.9270,-29.0097,0.242117
-232.6786,-15.9068,-29.0941,0.242517
-231.6623,-15.8848,-29.1837,0.242948
-230.6491,-15.8614,-29.2678,0.243378
-229.6384,-15.8385,-29.3504,0.243804
-228.6292,-15.8145,-29.4275,0.244231
-227.6945,-15.7929,-29.4950,0.244626
-226.7560,-15.7721,-29.5602,0.245021
-225.6752,-15.7479,-29.6269,0.245474
-224.7463,-15.7292,-29.6780,0.245862
-223.6817,-15.7075,-29.7243,0.246306
-222.7634,-15.6908,-29.7558,0.246688
-221.8479,-15.6744,-29.7771,0.247068
-220.8657,-15.6580,-29.7896,0.247475
-219.8865,-15.6421,-29.7879,0.247878
-218.9821,-15.6280,-29.7749,0.248251
-218.0105,-15.6150,-29.7503,0.248650
-217.0451,-15.6020,-29.7138,0.249048
-216.1534,-15.5918,-29.6712,0.249414
-215.1978,-15.5806,-29.6147,0.249807
-214.2486,-15.5711,-29.5489,0.250197
-213.3027,-15.5618,-29.4744,0.250586
-212.4305,-15.5536,-29.3961,0.250944
-211.4945,-15.5465,-29.3034,0.251328
-210.5643,-15.5389,-29.2010,0.251711
-209.7052,-15.5322,-29.0981,0.252063
-208.7853,-15.5256,-28.9791,0.252443
-207.9349,-15.5205,-28.8606,0.252790
-207.0240,-15.5147,-28.7249,0.253166
-206.1173,-15.5092,-28.5802,0.253539
-205.2144,-15.5036,-28.4267,0.253910
-204.3153,-15.4981,-28.2641,0.254279
-203.4835,-15.4931,-28.1052,0.254620
-202.6551,-15.4885,-27.9382,0.254962
-201.8287,-15.4847,-27.7635,0.255306
-201.0053,-15.4805,-27.5810,0.255647
-200.2474,-15.4765,-27.4050,0.255961
-199.4290,-15.4723,-27.2068,0.256299
-198.6135,-15.4686,-27.0006,0.256639
-197.8002,-15.4658,-26.7867,0.256978
-196.9889,-15.4622,-26.5646,0.257316
-196.1184,-15.4583,-26.3161,0.257678
-195.3124,-15.4547,-26.0770,0.258015
-194.4476,-15.4510,-25.8110,0.258377
-193.7086,-15.4484,-25.5758,0.258690
-192.9098,-15.4442,-25.3130,0.259028
-192.1144,-15.4398,-25.0420,0.259362
-191.2603,-15.4347,-24.7414,0.259726
-190.3499,-15.4289,-24.4096,0.260107
-189.5028,-15.4239,-24.0902,0.260469
-188.7205,-15.4180,-23.7851,0.260805
-187.9419,-15.4122,-23.4710,0.261139
-187.2269,-15.4068,-23.1738,0.261446
-186.4566,-15.4012,-22.8437,0.261780
-185.6909,-15.3956,-22.5048,0.262111
-184.9306,-15.3899,-22.1568,0.262443
-184.1752,-15.3851,-21.7995,0.262771
-183.3677,-15.3800,-21.4042,0.263128
-182.6242,-15.3757,-21.0274,0.263456
-181.8873,-15.3716,-20.6411,0.263787
-181.1572,-15.3680,-20.2454,0.264116
-180.4337,-15.3649,-19.8407,0.264442
-179.7716,-15.3620,-19.4588,0.264742
-179.0610,-15.3589,-19.0367,0.265066
-178.3570,-15.3565,-18.6058,0.265387
-177.6594,-15.3541,-18.1668,0.265709
-176.9688,-15.3519,-17.7196,0.266031
-176.3370,-15.3499,-17.2991,0.266328
-175.7114,-15.3479,-16.8717,0.266625
-175.0403,-15.3464,-16.4013,0.266945
-174.4266,-15.3454,-15.9597,0.267237
-173.7681,-15.3435,-15.4740,0.267554
-173.1669,-15.3421,-15.0191,0.267848
-172.5218,-15.3406,-14.5193,0.268168
-171.8832,-15.3396,-14.0133,0.268483
-171.2993,-15.3397,-13.5412,0.268775
-170.6724,-15.3393,-13.0231,0.269091
-170.1000,-15.3390,-12.5390,0.269380
-169.4859,-15.3389,-12.0082,0.269696
-168.8781,-15.3392,-11.4713,0.270015
-168.3225,-15.3402,-10.9711,0.270302
-167.7717,-15.3414,-10.4653,0.270592
-167.1809,-15.3422,-9.9118,0.270905
-166.6412,-15.3433,-9.3958,0.271199
-166.0618,-15.3446,-8.8315,0.271514
-165.5319,-15.3461,-8.3064,0.271806
-165.0067,-15.3484,-7.7775,0.272098
-164.4423,-15.3502,-7.1989,0.272408
-163.9268,-15.3519,-6.6608,0.272701
-163.4156,-15.3537,-6.1185,0.272995
-162.9088,-15.3555,-5.5726,0.273280
-162.3647,-15.3577,-4.9775,0.273599
-161.8666,-15.3606,-4.4235,0.273888
-161.3730,-15.3627,-3.8658,0.274181
-160.8843,-15.3648,-3.3042,0.274469
-160.3198,-15.3677,-2.6444,0.274807
-159.8402,-15.3702,-2.0748,0.275096
-159.3262,-15.3731,-1.4537,0.275409
-158.8564,-15.3758,-0.8764,0.275706
-158.3912,-15.3784,-0.2955,0.275996
-157.9308,-15.3813,0.2889,0.276279
-157.4747,-15.3844,0.8768,0.276574
-157.0233,-15.3877,1.4680,0.276861
-156.5767,-15.3912,2.0627,0.277148
-156.0977,-15.3944,2.7114,0.277468
-155.6250,-15.3978,3.3636,0.277775
-155.1933,-15.4013,3.9690,0.278065
-154.7659,-15.4041,4.5781,0.278352
-154.3091,-15.4077,5.2410,0.278665
-153.9267,-15.4111,5.8049,0.278929
-153.5136,-15.4140,6.4238,0.279216
-153.1062,-15.4172,7.0452,0.279507
-152.7036,-15.4208,7.6701,0.279796
-152.3058,-15.4241,8.2987,0.280089
-151.9134,-15.4272,8.9308,0.280381
-151.5272,-15.4304,9.5654,0.280672
-151.1456,-15.4333,10.2042,0.280956
-150.7697,-15.4358,10.8454,0.281247
-150.3994,-15.4382,11.4898,0.281533
-150.0343,-15.4410,12.1373,0.281818
-149.6449,-15.4439,12.8418,0.282127
-149.2622,-15.4469,13.5497,0.282444
-148.8856,-15.4496,14.2617,0.282758
-148.5724,-15.4515,14.8664,0.283022
-148.2365,-15.4536,15.5290,0.283309
-147.9064,-15.4560,16.1948,0.283604
-147.5826,-15.4582,16.8637,0.283893
-147.2919,-15.4604,17.4798,0.284160
-146.9558,-15.4632,18.2122,0.284472
-146.6287,-15.4652,18.9483,0.284778
-146.3353,-15.4672,19.6313,0.285072
-146.0265,-15.4699,20.3747,0.285383
-145.7505,-15.4723,21.0633,0.285662
-145.4839,-15.4749,21.7544,0.285948
-145.2267,-15.4779,22.4481,0.286232
-144.9998,-15.4805,23.0848,0.286495
-144.7619,-15.4834,23.7806,0.286770
-144.5332,-15.4871,24.4775,0.287050
-144.3148,-15.4909,25.1736,0.287328
-144.1060,-15.4946,25.8705,0.287602
-143.9229,-15.4992,26.5093,0.287861
-143.7322,-15.5031,27.2071,0.288138
-143.5517,-15.5062,27.9055,0.288412
-143.3960,-15.5101,28.5438,0.288656
-143.2348,-15.5146,29.2415,0.288923
-143.0843,-15.5187,29.9395,0.289195
-142.9458,-15.5229,30.6364,0.289465
-142.8286,-15.5270,31.2773,0.289706
-142.7122,-15.5299,31.9752,0.289969
-142.6008,-15.5330,32.7311,0.290261
-142.5171,-15.5364,33.3710,0.290498
-142.4374,-15.5384,34.0668,0.290762
-142.3706,-15.5407,34.7614,0.291022
-142.3202,-15.5434,35.3969,0.291258
-142.2769,-15.5445,36.0900,0.291515
-142.2478,-15.5455,36.7226,0.291756
-142.2274,-15.5470,37.4099,0.292009
-142.2174,-15.5483,38.0948,0.292273
-142.2170,-15.5497,38.7759,0.292523
-142.2248,-15.5513,39.3978,0.292757
-142.2418,-15.5529,40.0741,0.293011
-142.2647,-15.5538,40.6923,0.293245
-142.2937,-15.5551,41.3094,0.293478
-142.3321,-15.5566,41.9815,0.293730
-142.3733,-15.5584,42.5966,0.293970
-142.4247,-15.5606,43.2667,0.294222
-142.4882,-15.5632,43.9915,0.294496
-142.5539,-15.5656,44.6599,0.294754
-142.6203,-15.5681,45.2719,0.294992
-142.6999,-15.5710,45.9388,0.295246
-142.7801,-15.5738,46.5492,0.295480
-142.8754,-15.5773,47.2134,0.295746
-142.9795,-15.5811,47.8749,0.295993
-143.0829,-15.5848,48.4784,0.296224
-143.1938,-15.5889,49.0789,0.296457
-143.3230,-15.5936,49.7303,0.296710
-143.4491,-15.5982,50.3241,0.296944
-143.5933,-15.6036,50.9669,0.297195
-143.7448,-15.6096,51.6067,0.297448
-143.8896,-15.6152,52.1908,0.297681
-144.0399,-15.6207,52.7732,0.297914
-144.2080,-15.6273,53.4075,0.298167
-144.3661,-15.6334,53.9892,0.298395
-144.5286,-15.6390,54.5721,0.298631
-144.7090,-15.6454,55.2098,0.298891
-144.8781,-15.6513,55.7966,0.299132
-145.0515,-15.6571,56.3864,0.299370
-145.2273,-15.6632,56.9769,0.299613
-145.4231,-15.6700,57.6244,0.299878
-145.6063,-15.6765,58.2189,0.300124
-145.7941,-15.6813,58.8137,0.300368
-145.9842,-15.6862,59.4070,0.300620
-146.1776,-15.6913,59.9989,0.300864
-146.3929,-15.6967,60.6427,0.301132
-146.5932,-15.7020,61.2310,0.301382
-146.7973,-15.7074,61.8170,0.301625
-147.0250,-15.7125,62.4536,0.301896
-147.2364,-15.7171,63.0344,0.302143
-147.4509,-15.7217,63.6126,0.302388
-147.6686,-15.7262,64.1880,0.302636
-147.8882,-15.7309,64.7611,0.302884
-148.1100,-15.7357,65.3319,0.303129
-148.3352,-15.7402,65.9010,0.303372
-148.5616,-15.7444,66.4660,0.303620
-148.7896,-15.7490,67.0303,0.303869
-149.0406,-15.7541,67.6437,0.304137
-149.2528,-15.7580,68.1530,0.304360
-149.4878,-15.7627,68.7120,0.304608
-149.7469,-15.7679,69.3199,0.304878
-149.9869,-15.7723,69.8758,0.305127
-150.2292,-15.7766,70.4296,0.305375
-150.4742,-15.7809,70.9817,0.305618
-150.7223,-15.7850,71.5319,0.305868
-150.9718,-15.7894,72.0807,0.306115
-151.2237,-15.7938,72.6278,0.306363
-151.4786,-15.7976,73.1733,0.306610
-151.7579,-15.8015,73.7666,0.306880
-152.0157,-15.8051,74.3089,0.307127
-152.2756,-15.8085,74.8497,0.307375
-152.5366,-15.8122,75.3893,0.307623
-152.8232,-15.8161,75.9766,0.307893
-153.0644,-15.8192,76.4652,0.308125
-153.3547,-15.8222,77.0495,0.308392
-153.6472,-15.8252,77.6324,0.308664
-153.9174,-15.8278,78.1653,0.308913
-154.1891,-15.8306,78.6970,0.309162
-154.4624,-15.8334,79.2275,0.309411
-154.7381,-15.8361,79.7570,0.309658
-154.9898,-15.8377,80.2369,0.309885
-155.2682,-15.8394,80.7636,0.310133
-155.5483,-15.8412,81.2889,0.310381
-155.8306,-15.8426,81.8127,0.310630
-156.1141,-15.8444,82.3355,0.310878
-156.3731,-15.8460,82.8095,0.311103
-156.6337,-15.8472,83.2831,0.311331
-156.9477,-15.8485,83.8487,0.311602
-157.2367,-15.8497,84.3664,0.311850
-157.5003,-15.8508,84.8360,0.312076
-157.7914,-15.8519,85.3515,0.312324
-158.1101,-15.8532,85.9125,0.312596
-158.4037,-15.8540,86.4254,0.312842
-158.6977,-15.8550,86.9374,0.313091
-159.0194,-15.8561,87.4948,0.313362
-159.3160,-15.8567,88.0053,0.313610
-159.6396,-15.8572,88.5593,0.313881
-159.9641,-15.8583,89.1134,0.314151
-160.2623,-15.8593,89.6203,0.314399
-160.5887,-15.8597,90.1724,0.314670
-160.9156,-15.8602,90.7231,0.314940
-161.2165,-15.8603,91.2274,0.315187
-161.5169,-15.8597,91.7294,0.315435
-161.8169,-15.8602,92.2317,0.315680
-162.1712,-15.8606,92.8242,0.315971
-162.4987,-15.8602,93.3706,0.316239
-162.7986,-15.8595,93.8699,0.316485
-163.0986,-15.8589,94.3680,0.316734
-163.3996,-15.8571,94.8642,0.316981
-163.7263,-15.8564,95.4048,0.317247
-163.9981,-15.8558,95.8543,0.317469
-164.3241,-15.8550,96.3925,0.317736
-164.6222,-15.8537,96.8842,0.317982
-164.9467,-15.8524,97.4193,0.318247
-165.2710,-15.8507,97.9532,0.318512
-165.5666,-15.8487,98.4401,0.318756
-165.8609,-15.8475,98.9269,0.318996
-166.1539,-15.8462,99.4125,0.319239
-166.4461,-15.8444,99.8978,0.319480
-166.7366,-15.8430,100.3800,0.319721
-167.0513,-15.8416,100.9059,0.319983
-167.3120,-15.8404,101.3431,0.320202
-167.5981,-15.8384,101.8225,0.320441
-167.8820,-15.8371,102.3012,0.320681
-168.1645,-15.8358,102.7787,0.320918
-168.4458,-15.8344,103.2553,0.321155
-168.7508,-15.8325,103.7736,0.321414
-169.0035,-15.8309,104.2044,0.321628
-169.2807,-15.8289,104.6777,0.321864
-169.5556,-15.8263,105.1485,0.322099
-169.8035,-15.8248,105.5766,0.322312
-170.0744,-15.8231,106.0466,0.322545
-170.3438,-15.8214,106.5162,0.322777
-170.5868,-15.8191,106.9419,0.322990
-170.8765,-15.8165,107.4516,0.323244
-171.1400,-15.8141,107.9178,0.323472
-171.4014,-15.8117,108.3832,0.323704
-171.6372,-15.8096,108.8055,0.323912
-171.9189,-15.8070,109.3115,0.324161
-172.1735,-15.8038,109.7744,0.324390
-172.4255,-15.8013,110.2363,0.324617
-172.6747,-15.7988,110.6979,0.324843
-172.9208,-15.7964,111.1593,0.325069
-173.1418,-15.7943,111.5787,0.325274
-173.4035,-15.7919,112.0820,0.325520
-173.6400,-15.7898,112.5436,0.325743
-173.8745,-15.7867,113.0055,0.325966
-174.1251,-15.7831,113.5101,0.326210
-174.3521,-15.7806,113.9712,0.326431
-174.5744,-15.7790,114.4346,0.326655
-174.7928,-15.7776,114.8985,0.326876
-175.0069,-15.7764,115.3631,0.327098
-175.2165,-15.7754,115.8283,0.327320
-175.4400,-15.7744,116.3367,0.327561
-175.6405,-15.7727,116.8047,0.327778
-175.8366,-15.7704,117.2714,0.328001
-176.0270,-15.7690,117.7400,0.328219
-176.2125,-15.7679,118.2098,0.328438
-176.3928,-15.7669,118.6806,0.328657
-176.5677,-15.7662,119.1525,0.328876
-176.7520,-15.7657,119.6685,0.329115
-176.9153,-15.7653,120.1439,0.329331
-177.0724,-15.7635,120.6191,0.329549
-177.2235,-15.7619,121.0954,0.329767
-177.3820,-15.7604,121.6162,0.330004
-177.5210,-15.7593,122.0957,0.330221
-177.6357,-15.7875,122.5348,0.330418
-177.7659,-15.7786,123.0153,0.330635
-177.8904,-15.7697,123.4965,0.330850
-177.9953,-15.7561,123.9408,0.331048
-178.0887,-15.7349,124.4200,0.331263
-178.2047,-15.7308,124.9468,0.331497
-178.3095,-15.7269,125.4303,0.331712
-178.4163,-15.7181,125.9190,0.331926
-178.5077,-15.7046,126.4038,0.332142
-178.5927,-15.6985,126.8837,0.332357
-178.6761,-15.6931,127.3690,0.332573
-178.7562,-15.6859,127.8552,0.332788
-178.8329,-15.6815,128.3380,0.333000
-178.9023,-15.6760,128.8229,0.333214
-178.9697,-15.6734,129.3084,0.333426
-179.0328,-15.6690,129.7920,0.333638
-179.0903,-15.6674,130.2817,0.333851
-179.1496,-15.6647,130.8109,0.334084
-179.2041,-15.6624,131.3460,0.334316
-179.2564,-15.6617,131.8767,0.334549
-179.3012,-15.6590,132.3664,0.334763
-179.3448,-15.6586,132.9030,0.334996
-179.3820,-15.6568,133.3918,0.335209
-179.4151,-15.6556,133.8848,0.335424
-179.4486,-15.6537,134.4197,0.335659
-179.4753,-15.6513,134.9130,0.335872
-179.4992,-15.6497,135.4040,0.336090
-179.5196,-15.6466,135.8972,0.336302
-179.5358,-15.6444,136.3908,0.336520
-179.5499,-15.6410,136.9281,0.336754
-179.5591,-15.6382,137.4215,0.336972
-179.5649,-15.6348,137.9598,0.337208
-179.5666,-15.6316,138.4531,0.337421
-179.5650,-15.6286,138.9018,0.337618
-179.5587,-15.6250,139.4400,0.337855
-179.5484,-15.6223,139.9327,0.338073
-179.5345,-15.6188,140.4268,0.338291
-179.5159,-15.6172,140.9176,0.338506
-179.4921,-15.6165,141.4124,0.338726
-179.4634,-15.6135,141.9494,0.338961
-179.4310,-15.6136,142.4392,0.339180
-179.3956,-15.6131,142.9335,0.339394
-179.3541,-15.6158,143.4219,0.339619
-179.3112,-15.6160,143.8677,0.339813
-179.2621,-15.6202,144.3586,0.340032
-179.2084,-15.6248,144.8488,0.340251
-179.1460,-15.6273,145.3424,0.340468
-179.0864,-15.6295,145.7828,0.340668
-179.0115,-15.6341,146.3209,0.340906
-178.9372,-15.6381,146.8047,0.341125
-178.8588,-15.6421,147.2931,0.341340
-178.7774,-15.6467,147.7809,0.341565
-178.6839,-15.6466,148.2727,0.341783
-178.5833,-15.6414,148.8026,0.342026
-178.5141,-15.6505,149.3401,0.342262
-178.4135,-15.6406,149.8249,0.342485
-178.2809,-15.6300,150.3494,0.342726
-178.1706,-15.6236,150.8324,0.342946
-178.0457,-15.6184,151.3586,0.343187
-177.9278,-15.6149,151.8405,0.343407
-177.8061,-15.6119,152.3198,0.343629
-177.6983,-15.5898,152.8052,0.343852
-177.5532,-15.5787,153.3244,0.344088
-177.4166,-15.5688,153.7994,0.344315
-177.2763,-15.5592,154.2732,0.344538
-177.1306,-15.5478,154.7473,0.344755
-176.9796,-15.5367,155.2182,0.344976
-176.8234,-15.5259,155.6876,0.345200
-176.6624,-15.5164,156.1549,0.345421
-176.4962,-15.5058,156.6240,0.345646
-176.3283,-15.4951,157.0902,0.345867
-176.1563,-15.4847,157.5553,0.346091
-175.9789,-15.4738,158.0206,0.346315
-175.7963,-15.4626,158.4853,0.346537
-175.5914,-15.4505,158.9937,0.346783
-175.3801,-15.4400,159.5016,0.347035
-175.1796,-15.4306,159.9710,0.347261
-174.9755,-15.4199,160.4399,0.347492
-174.7659,-15.4094,160.9103,0.347724
-174.5313,-15.3979,161.4257,0.347980
-174.3109,-15.3873,161.8996,0.348226
-174.0851,-15.3768,162.3751,0.348449
-173.8107,-15.3662,162.9387,0.348734
-173.5497,-15.3562,163.4632,0.348999
-173.3051,-15.3466,163.9451,0.349240
-173.0309,-15.3363,164.4727,0.349507
-172.7729,-15.3269,164.9584,0.349762
-172.5087,-15.3176,165.4456,0.350007
-172.2131,-15.3080,165.9785,0.350281
-171.9353,-15.2998,166.4703,0.350536
-171.6504,-15.2910,166.9641,0.350794
-171.3326,-15.2815,167.5039,0.351076
-171.0339,-15.2728,168.0004,0.351340
-170.7006,-15.2631,168.5430,0.351620
-170.3879,-15.2545,169.0412,0.351888
-170.0390,-15.2463,169.5874,0.352177
-169.7110,-15.2379,170.0899,0.352449
-169.3768,-15.2293,170.5932,0.352719
-169.0356,-15.2207,171.0979,0.352990
-168.6557,-15.2111,171.6493,0.353292
-168.3004,-15.2024,172.1561,0.353569
-167.9052,-15.1951,172.7100,0.353877
-167.5011,-15.1861,173.2675,0.354181
-167.0905,-15.1769,173.8264,0.354493
-166.6722,-15.1676,174.3870,0.354805
-166.2824,-15.1592,174.9023,0.355094
-165.8501,-15.1512,175.4653,0.355416
-165.4462,-15.1445,175.9855,0.355717
-165.0000,-15.1359,176.5551,0.356042
-164.5464,-15.1273,177.1270,0.356370
-164.0858,-15.1184,177.7006,0.356704
-163.6181,-15.1097,178.2752,0.357040
-163.1417,-15.1023,178.8549,0.357383
-162.6597,-15.0930,179.4370,0.357722
-162.2114,-15.0846,179.9723,0.358039
-161.7149,-15.0737,180.5582,0.358386
-161.2117,-15.0629,181.1452,0.358735
-160.6994,-15.0533,181.7342,0.359092
-160.2251,-15.0422,182.2770,0.359426
-159.7007,-15.0301,182.8711,0.359771
-159.1680,-15.0170,183.4668,0.360129
-158.6296,-15.0027,184.0642,0.360492
-158.0377,-14.9877,184.7143,0.360890
-157.4853,-14.9725,185.3178,0.361252
-156.9264,-14.9574,185.9240,0.361623
-156.3601,-14.9406,186.5329,0.361994
-155.7889,-14.9234,187.1442,0.362367
-155.2108,-14.9061,187.7585,0.362739
-154.6271,-14.8879,188.3765,0.363116
-154.0855,-14.8710,188.9462,0.363461
-153.4898,-14.8508,189.5712,0.363843
-152.8882,-14.8306,190.1999,0.364232
-152.2794,-14.8099,190.8332,0.364617
-151.7169,-14.7904,191.4175,0.364971
-151.0970,-14.7685,192.0589,0.365368
-150.4203,-14.7437,192.7579,0.365793
-149.7900,-14.7209,193.4064,0.366194
-149.2087,-14.6991,194.0040,0.366557
-148.5701,-14.6748,194.6593,0.366955
-147.9277,-14.6498,195.3169,0.367357
-147.2277,-14.6230,196.0315,0.367795
-146.5795,-14.5974,196.6931,0.368199
-145.9290,-14.5721,197.3556,0.368615
-145.2779,-14.5456,198.0187,0.369015
-144.6260,-14.5196,198.6812,0.369424
-143.9750,-14.4927,199.3431,0.369828
-143.3784,-14.4686,199.9487,0.370197
-142.7292,-14.4416,200.6085,0.370605
-142.0813,-14.4151,201.2666,0.371012
-141.4355,-14.3882,201.9232,0.371414
-140.7915,-14.3619,202.5774,0.371818
-140.1499,-14.3359,203.2299,0.372215
-139.5106,-14.3102,203.8794,0.372612
-138.8734,-14.2848,204.5269,0.373014
-138.2916,-14.2617,205.1174,0.373378
-137.6591,-14.2378,205.7594,0.373769
-137.0813,-14.2162,206.3457,0.374132
-136.4532,-14.1933,206.9825,0.374525
-135.8793,-14.1726,207.5641,0.374881
-135.3077,-14.1530,208.1431,0.375238
-134.6857,-14.1331,208.7728,0.375624
-134.1177,-14.1148,209.3477,0.375973
-133.5004,-14.0967,209.9724,0.376367
-132.9358,-14.0802,210.5428,0.376717
-132.3736,-14.0660,211.1103,0.377062
-131.7615,-14.0506,211.7276,0.377444
-131.2028,-14.0367,212.2914,0.377785
-130.5946,-14.0224,212.9038,0.378167
-130.0396,-14.0095,213.4628,0.378509
-129.4855,-13.9980,214.0198,0.378850
-128.9336,-13.9861,214.5748,0.379191
-128.3828,-13.9751,215.1277,0.379533
-127.8337,-13.9642,215.6785,0.379867
-127.2867,-13.9534,216.2273,0.380210
-126.6915,-13.9423,216.8235,0.380573
-126.1478,-13.9320,217.3681,0.380902
-125.6547,-13.9229,217.8614,0.381212
-125.1140,-13.9129,218.4024,0.381547
-124.5750,-13.9026,218.9410,0.381877
-124.0376,-13.8925,219.4777,0.382207
-123.5018,-13.8821,220.0128,0.382539
-122.9677,-13.8714,220.5457,0.382864
-122.4837,-13.8617,221.0284,0.383154
-121.9527,-13.8508,221.5577,0.383486
-121.3755,-13.8389,222.1328,0.383833
-120.8482,-13.8280,222.6579,0.384158
-120.3224,-13.8171,223.1811,0.384480
-119.7983,-13.8063,223.7022,0.384798
-119.2756,-13.7958,224.2209,0.385115
-118.7069,-13.7844,224.7841,0.385463
-118.1869,-13.7740,225.2976,0.385775
-117.6205,-13.7630,225.8545,0.386115
-117.1023,-13.7530,226.3620,0.386436
-116.5385,-13.7427,226.9123,0.386777
-115.9748,-13.7329,227.4588,0.387108
-115.4591,-13.7238,227.9566,0.387417
-114.9433,-13.7155,228.4508,0.387728
-114.3808,-13.7064,228.9861,0.388059
-113.8196,-13.6984,229.5172,0.388395
-113.3045,-13.6917,230.0008,0.388698
-112.7434,-13.6843,230.5249,0.389025
-112.2299,-13.6793,231.0022,0.389331
-111.7155,-13.6747,231.4759,0.389634
-111.1546,-13.6696,231.9891,0.389959
-110.5472,-13.6642,232.5405,0.390311
-110.0335,-13.6598,233.0033,0.390611
-109.4746,-13.6564,233.5053,0.390936
-108.9612,-13.6538,233.9618,0.391234
-108.4479,-13.6511,234.4150,0.391525
-107.8878,-13.6484,234.9053,0.391845
-107.3276,-13.6457,235.3913,0.392167
-106.8150,-13.6435,235.8342,0.392459
-106.2541,-13.6419,236.3124,0.392780
-105.6923,-13.6404,236.7859,0.393100
-105.1765,-13.6392,237.2157,0.393390
-104.6128,-13.6380,237.6801,0.393708
-104.0966,-13.6368,238.1031,0.393993
-103.5311,-13.6368,238.5596,0.394311
-102.9642,-13.6369,239.0114,0.394620
-102.3958,-13.6371,239.4582,0.394936
-101.8732,-13.6375,239.8635,0.395223
-101.2535,-13.6380,240.3378,0.395564
-100.7292,-13.6393,240.7357,0.395849
-100.1535,-13.6413,241.1649,0.396156
-99.5756,-13.6433,241.5896,0.396470
-99.0439,-13.6454,241.9751,0.396751
-98.4617,-13.6479,242.3921,0.397060
-97.9271,-13.6500,242.7722,0.397343
-97.3404,-13.6533,243.1821,0.397659
-96.8005,-13.6565,243.5543,0.397940
-96.2585,-13.6598,243.9232,0.398222
-95.6651,-13.6637,244.3222,0.398526
-95.1184,-13.6672,244.6856,0.398816
-94.5223,-13.6712,245.0789,0.399124
-93.9722,-13.6753,245.4353,0.399411
-93.4201,-13.6796,245.7886,0.399695
-92.8156,-13.6845,246.1705,0.400003
-92.2089,-13.6895,246.5495,0.400313
-91.5864,-13.7415,246.9050,0.400622
-90.9755,-13.7412,247.2785,0.400935
-90.4134,-13.7395,247.6163,0.401214
-89.7457,-13.7374,248.0069,0.401552
-89.1270,-13.7373,248.3639,0.401863
-88.5095,-13.7424,248.7155,0.402172
-87.8365,-13.7583,249.1198,0.402506
-87.2104,-13.7698,249.4738,0.402817
-86.5831,-13.7829,249.8246,0.403126
-85.9547,-13.7959,250.1728,0.403436
-85.2707,-13.7564,250.5419,0.403776
-84.6406,-13.7477,250.8882,0.404085
-84.0104,-13.7525,251.2354,0.404390
-83.3764,-13.7612,251.5828,0.404702
-82.7437,-13.7764,251.9274,0.405012
-82.1146,-13.7670,252.2708,0.405321
-81.4826,-13.7715,252.6125,0.405630
-80.8496,-13.7922,252.9517,0.405938
-80.2677,-13.7802,253.2613,0.406224
-79.5791,-13.7851,253.6257,0.406561
-78.9425,-13.7897,253.9612,0.406868
-78.3048,-13.8095,254.2956,0.407178
-77.7203,-13.7962,254.6004,0.407463
-77.0289,-13.7995,254.9592,0.407794
-76.3880,-13.8085,255.2891,0.408108
-75.6971,-13.8220,255.6464,0.408438
-75.1098,-13.8077,255.9476,0.408727
-74.4683,-13.8075,256.2750,0.409033
-73.7732,-13.8095,256.6260,0.409369
-73.1321,-13.8232,256.9501,0.409678
-72.5435,-13.8069,257.2448,0.409958
-71.8996,-13.8073,257.5641,0.410271
-71.2556,-13.8211,257.8823,0.410574
-70.6648,-13.8044,258.1730,0.410859
-70.0193,-13.8032,258.4865,0.411170
-69.3728,-13.8182,258.7977,0.411474
-68.7206,-13.7897,259.0946,0.411785
-68.1261,-13.7895,259.3737,0.412071
-67.4812,-13.7993,259.6885,0.412374
-66.8300,-13.7987,259.9899,0.412682
-66.1625,-13.7908,260.2931,0.412993
-65.5077,-13.7920,260.5870,0.413299
-64.8670,-13.7967,260.8736,0.413610
-64.1549,-13.7956,261.1887,0.413943
-63.4953,-13.7945,261.4761,0.414256
-62.8346,-13.7931,261.7595,0.414561
-62.1733,-13.7921,262.0422,0.414870
-61.5175,-13.7871,262.3439,0.415179
-60.8546,-13.7833,262.6238,0.415489
-60.2451,-13.7805,262.8788,0.415767
-59.5793,-13.7775,263.1553,0.416079
-58.9681,-13.7749,263.4069,0.416366
-58.3008,-13.7722,263.6792,0.416675
-57.6308,-13.7686,263.9495,0.416988
-56.9613,-13.7628,264.2168,0.417296
-56.2903,-13.7573,264.4812,0.417606
-55.6175,-13.7519,264.7430,0.417916
-54.9988,-13.7472,264.9809,0.418200
-54.3209,-13.7422,265.2386,0.418513
-53.6378,-13.7344,265.4921,0.418824
-52.9538,-13.7254,265.7455,0.419138
-52.2662,-13.7164,265.9976,0.419449
-51.5746,-13.7076,266.2487,0.419766
-50.9369,-13.6996,266.4780,0.420058
-50.2354,-13.6929,266.7241,0.420378
-49.5304,-13.6837,266.9720,0.420699
-48.8796,-13.6753,267.1987,0.420991
-48.1640,-13.6663,267.4452,0.421321
-47.4424,-13.6573,267.6903,0.421644
-46.7145,-13.6521,267.9318,0.421977
-45.9790,-13.6461,268.1759,0.422306
-45.2366,-13.6400,268.4204,0.422643
-44.5502,-13.6346,268.6440,0.422951
-43.7954,-13.6287,268.8865,0.423284
-43.0345,-13.6259,269.1262,0.423643
-42.2657,-13.6224,269.3689,0.423973
-41.4896,-13.6189,269.6128,0.424326
-40.7723,-13.6157,269.8369,0.424650
-40.0500,-13.6126,270.0611,0.424971
-39.2562,-13.6117,270.3047,0.425331
-38.4548,-13.6101,270.5517,0.425684
-37.7136,-13.6085,270.7799,0.426018
-36.8983,-13.6069,271.0304,0.426384
-36.0085,-13.6057,271.3030,0.426781
-35.1770,-13.6050,271.5555,0.427152
-34.3386,-13.6037,271.8116,0.427524
-33.4921,-13.6023,272.0699,0.427907
-32.7093,-13.6011,272.3083,0.428256
-31.8473,-13.6003,272.5684,0.428638
-30.9788,-13.5977,272.8327,0.429026
-30.1048,-13.5950,273.0993,0.429420
-29.2310,-13.5923,273.3665,0.429806
-28.4264,-13.5917,273.6103,0.430170
-27.5393,-13.5888,273.8818,0.430558
-26.6450,-13.5859,274.1562,0.430959
-25.6706,-13.5828,274.4556,0.431395
-24.6897,-13.5826,274.7542,0.431831
-23.7787,-13.5808,275.0340,0.432241
-22.8622,-13.5789,275.3158,0.432649
-21.9404,-13.5771,275.5995,0.433055
-21.0155,-13.5785,275.8845,0.433470
-20.1590,-13.5782,276.1457,0.433844
-19.2222,-13.5778,276.4355,0.434266
-18.2805,-13.5774,276.7278,0.434682
-17.3358,-13.5802,277.0215,0.435110
-16.3825,-13.5818,277.3161,0.435535
-15.4265,-13.5833,277.6149,0.435961
-14.5468,-13.5846,277.8912,0.436341
-13.5860,-13.5888,278.1946,0.436775
-12.6208,-13.5913,278.4989,0.437207
-11.6576,-13.5937,278.8071,0.437631
-10.7752,-13.5960,279.0921,0.438023
-9.8128,-13.6008,279.4035,0.438454
-8.8522,-13.6034,279.7188,0.438884
-7.9728,-13.6057,280.0098,0.439274
-7.0147,-13.6084,280.3297,0.439701
-6.0579,-13.6136,280.6506,0.440129
-5.0228,-13.6181,281.0018,0.440587
-4.0688,-13.6223,281.3286,0.441015
-3.1958,-13.6263,281.6302,0.441407
-2.2448,-13.6323,281.9626,0.441827
-1.2945,-13.6394,282.2967,0.442253
-0.4247,-13.6460,282.6051,0.442639
0.5234,-13.6528,282.9443,0.443069
1.3894,-13.6574,283.2584,0.443449
2.3337,-13.6641,283.6025,0.443876
3.2766,-13.6709,283.9488,0.444300
4.2192,-13.6767,284.2979,0.444717
5.1583,-13.6793,284.6496,0.445140
6.0962,-13.6824,285.0037,0.445560
6.9546,-13.6853,285.3303,0.445948
7.8900,-13.6877,285.6887,0.446363
8.8227,-13.6881,286.0491,0.446781
9.6759,-13.6884,286.3819,0.447171
10.6047,-13.6887,286.7468,0.447590
11.5322,-13.6885,287.1137,0.448002
12.3804,-13.6873,287.4514,0.448389
13.2265,-13.6856,287.7911,0.448776
14.1478,-13.6839,288.1637,0.449190
15.0673,-13.6820,288.5382,0.449608
15.9085,-13.6798,288.8829,0.449990
16.8240,-13.6771,289.2610,0.450402
17.7375,-13.6744,289.6410,0.450823
18.5732,-13.6720,289.9911,0.451207
19.4829,-13.6694,290.3750,0.451610
20.3150,-13.6670,290.7293,0.451993
21.2205,-13.6645,291.1186,0.452406
22.1238,-13.6618,291.5109,0.452816
23.0242,-13.6588,291.9064,0.453227
23.9224,-13.6563,292.3047,0.453635
24.7434,-13.6541,292.6722,0.454017
25.5624,-13.6518,293.0422,0.454394
26.4527,-13.6486,293.4484,0.454802
27.3408,-13.6459,293.8568,0.455207
28.2265,-13.6433,294.2673,0.455620
29.1100,-13.6406,294.6799,0.456027
29.9906,-13.6372,295.0946,0.456433
30.8691,-13.6342,295.5112,0.456840
31.7453,-13.6311,295.9300,0.457248
32.6195,-13.6281,296.3507,0.457654
33.5639,-13.6241,296.8086,0.458091
34.3608,-13.6208,297.1979,0.458462
35.2281,-13.6172,297.6247,0.458867
36.0933,-13.6136,298.0534,0.459268
36.9564,-13.6096,298.4839,0.459673
37.8170,-13.6055,298.9165,0.460070
38.6041,-13.6017,299.3148,0.460442
39.4605,-13.5977,299.7512,0.460843
40.3149,-13.5933,300.1894,0.461244
41.1671,-13.5888,300.6292,0.461647
41.9464,-13.5848,301.0338,0.462011
42.7945,-13.5804,301.4767,0.462411
43.5703,-13.5761,301.8842,0.462778
44.4143,-13.5714,302.3304,0.463173
45.1863,-13.5672,302.7407,0.463541
46.0265,-13.5626,303.1895,0.463941
46.7951,-13.5582,303.6019,0.464304
47.5618,-13.5536,304.0148,0.464671
48.3969,-13.5488,304.4656,0.465068
49.1609,-13.5445,304.8791,0.465430
49.9238,-13.5401,305.2926,0.465796
50.7546,-13.5345,305.7444,0.466201
51.5841,-13.5293,306.1959,0.466588
52.4123,-13.5240,306.6476,0.466988
53.2393,-13.5187,307.0992,0.467383
53.9964,-13.5131,307.5136,0.467742
54.8211,-13.5071,307.9650,0.468141
55.5761,-13.5015,308.3786,0.468507
56.3987,-13.4955,308.8297,0.468901
57.2203,-13.4893,309.2809,0.469302
57.9720,-13.4836,309.6945,0.469658
58.7231,-13.4781,310.1076,0.470027
59.5413,-13.4721,310.5581,0.470420
60.3586,-13.4661,311.0084,0.470818
61.1061,-13.4608,311.4213,0.471185
61.9212,-13.4555,311.8710,0.471572
62.6674,-13.4507,312.2829,0.471935
63.4804,-13.4455,312.7320,0.472326
64.2246,-13.4405,313.1436,0.472684
64.9668,-13.4364,313.5554,0.473046
65.7759,-13.4319,314.0039,0.473442
66.5159,-13.4279,314.4149,0.473799
67.2542,-13.4239,314.8257,0.474156
67.9898,-13.4198,315.2373,0.474508
68.7243,-13.4166,315.6482,0.474875
69.5234,-13.4131,316.0962,0.475254
70.2540,-13.4099,316.5067,0.475618
71.0490,-13.4062,316.9544,0.476002
71.7748,-13.4032,317.3652,0.476359
72.4996,-13.4005,317.7754,0.476710
73.2225,-13.3978,318.1854,0.477060
74.0089,-13.3949,318.6325,0.477445
74.7280,-13.3920,319.0423,0.477798
75.4445,-13.3895,319.4524,0.478136
76.0948,-13.3873,319.8248,0.478467
76.8084,-13.3849,320.2343,0.478807
77.4555,-13.3827,320.6063,0.479132
78.1658,-13.3799,321.0153,0.479474
78.9381,-13.3770,321.4615,0.479854
79.6444,-13.3744,321.8700,0.480195
80.4130,-13.3715,322.3151,0.480569
81.1788,-13.3686,322.7594,0.480949
81.9407,-13.3650,323.2021,0.481323
82.6347,-13.3617,323.6060,0.481661
83.3239,-13.3585,324.0077,0.482001
84.0699,-13.3549,324.4431,0.482360
84.8089,-13.3514,324.8752,0.482726
85.5361,-13.3472,325.3015,0.483084
86.1939,-13.3435,325.6875,0.483400
86.9037,-13.3396,326.1048,0.483751
87.4893,-13.3364,326.4494,0.484039
88.1850,-13.3325,326.8594,0.484383
88.8159,-13.3281,327.2328,0.484695
89.4409,-13.3243,327.6023,0.485001
90.0597,-13.3206,327.9687,0.485309
90.6168,-13.3172,328.2988,0.485580
91.2786,-13.3131,328.6913,0.485908
91.8790,-13.3094,329.0478,0.486199
92.5271,-13.3052,329.4332,0.486514
93.1685,-13.3010,329.8150,0.486841
93.8030,-13.2964,330.1937,0.487143
94.3792,-13.2924,330.5374,0.487427
95.0017,-13.2880,330.9097,0.487739
95.5666,-13.2837,331.2476,0.488022
96.1267,-13.2796,331.5829,0.488292
96.6819,-13.2755,331.9160,0.488571
97.1823,-13.2716,332.2164,0.488829
97.7778,-13.2670,332.5743,0.489128
98.3188,-13.2629,332.8999,0.489390
98.8552,-13.2587,333.2232,0.489663
99.4352,-13.2543,333.5731,0.489949
99.9622,-13.2502,333.8912,0.490211
100.5320,-13.2459,334.2354,0.490494
101.0499,-13.2421,334.5482,0.490754
101.6100,-13.2380,334.8862,0.491041
102.1189,-13.2343,335.1932,0.491305
102.6240,-13.2309,335.4973,0.491556
103.1703,-13.2272,335.8259,0.491826
103.6667,-13.2237,336.1244,0.492072
104.1594,-13.2205,336.4201,0.492319
104.6482,-13.2173,336.7132,0.492568
105.1772,-13.2134,337.0305,0.492839
105.7009,-13.2099,337.3445,0.493098
106.1776,-13.2068,337.6296,0.493337
106.6507,-13.2037,337.9123,0.493582
107.1200,-13.2005,338.1925,0.493815
107.5857,-13.1974,338.4702,0.494045
108.0898,-13.1938,338.7710,0.494308
108.5475,-13.1901,339.0439,0.494534
109.0021,-13.1868,339.3144,0.494765
109.4533,-13.1836,339.5825,0.494998
109.9017,-13.1801,339.8485,0.495231
110.3862,-13.1762,340.1358,0.495472
110.8674,-13.1724,340.4203,0.495719
111.3054,-13.1690,340.6789,0.495945
111.7404,-13.1652,340.9353,0.496169
112.1726,-13.1617,341.1894,0.496390
112.6021,-13.1582,341.4415,0.496611
113.0294,-13.1544,341.6919,0.496831
113.4919,-13.1502,341.9628,0.497064
113.9135,-13.1464,342.2090,0.497291
114.3708,-13.1423,342.4755,0.497527
114.8254,-13.1378,342.7400,0.497775
115.2773,-13.1335,343.0020,0.497995
115.7263,-13.1292,343.2617,0.498236
116.1357,-13.1251,343.4979,0.498453
116.5783,-13.1205,343.7529,0.498686
116.9814,-13.1165,343.9843,0.498896
117.4180,-13.1122,344.2342,0.499133
117.8151,-13.1078,344.4613,0.499348
118.2096,-13.1039,344.6859,0.499553
118.6367,-13.0997,344.9285,0.499776
119.0255,-13.0959,345.1486,0.499989
119.4466,-13.0918,345.3863,0.500211
119.8649,-13.0879,345.6216,0.500432
120.2805,-13.0838,345.8553,0.500651
120.6583,-13.0799,346.0665,0.500854
121.0346,-13.0765,346.2762,0.501055
121.4768,-13.0727,346.5215,0.501289
121.8830,-13.0689,346.7461,0.501500
122.2526,-13.0653,346.9487,0.501695
122.6548,-13.0619,347.1678,0.501894
123.0221,-13.0589,347.3664,0.502099
123.3886,-13.0556,347.5638,0.502292
123.7531,-13.0522,347.7576,0.502478
124.1177,-13.0493,347.9498,0.502670
124.5148,-13.0463,348.1570,0.502875
124.9118,-13.0429,348.3626,0.503082
125.2742,-13.0397,348.5474,0.503267
125.6697,-13.0367,348.7464,0.503464
126.0649,-13.0338,348.9422,0.503668
126.4272,-13.0309,349.1198,0.503850
126.7882,-13.0279,349.2932,0.504029
127.1824,-13.0251,349.4797,0.504226
127.5108,-13.0228,349.6326,0.504391
127.8706,-13.0201,349.7984,0.504569
128.2314,-13.0187,349.9615,0.504748
128.5920,-13.0174,350.1220,0.504925
128.9852,-13.0157,350.2955,0.505116
129.3778,-13.0137,350.4646,0.505312
129.7373,-13.0119,350.6166,0.505486
130.1320,-13.0098,350.7738,0.505677
130.4909,-13.0076,350.9184,0.505850
130.8495,-13.0056,351.0588,0.506023
131.2082,-13.0037,351.1947,0.506193
131.5991,-13.0018,351.3372,0.506378
132.0072,-12.9932,351.4750,0.506564
132.3541,-12.9872,351.5806,0.506732
132.7572,-12.9960,351.7167,0.506910
133.1027,-12.9806,351.8112,0.507079
133.4883,-12.9962,351.9291,0.507262
133.8955,-12.9782,352.0299,0.507443
134.2370,-12.9748,352.1049,0.507610
134.6131,-12.9854,352.1839,0.507775
134.9696,-12.9649,352.2512,0.507939
135.3616,-12.9881,352.3134,0.508115
135.7809,-12.9630,352.3720,0.508308
136.1196,-12.9875,352.4144,0.508473
136.5415,-12.9927,352.4489,0.508664
136.9290,-12.9924,352.4809,0.508840
137.3147,-12.9925,352.5045,0.509018
137.6660,-12.9930,352.5142,0.509177
138.0480,-12.9938,352.5160,0.509355
138.3962,-13.0044,352.5099,0.509510
138.7759,-13.0062,352.5014,0.509683
139.1456,-13.0105,352.4865,0.509857
139.5203,-12.9578,352.4655,0.510027
139.8968,-12.9582,352.4390,0.510198
140.2387,-12.9606,352.4062,0.510355
140.6109,-12.9628,352.3627,0.510522
140.9822,-12.9625,352.3092,0.510694
141.3158,-12.9583,352.2499,0.510847
141.6763,-12.9542,352.1832,0.511009
142.0396,-12.9498,352.1097,0.511181
142.4275,-12.9422,352.0268,0.511357
142.7782,-12.9366,351.9456,0.511523
143.1295,-12.9319,351.8501,0.511685
143.4752,-12.9230,351.7509,0.511848
143.8053,-12.9182,351.6476,0.512009
144.1444,-12.9180,351.5396,0.512171
144.4910,-12.9056,351.4112,0.512331
144.8232,-12.8895,351.2917,0.512492
145.1360,-12.8807,351.1754,0.512652
145.5104,-12.8905,351.0309,0.512823
145.8421,-12.8850,350.8929,0.512995
146.2068,-12.8937,350.7346,0.513164
146.5006,-12.8876,350.5934,0.513319
146.8225,-12.8852,350.4513,0.513475
147.1329,-12.8788,350.2947,0.513632
147.4392,-12.8718,350.1359,0.513784
147.7424,-12.8653,349.9728,0.513938
148.0671,-12.8585,349.7898,0.514106
148.3899,-12.8513,349.5996,0.514276
148.6851,-12.8448,349.4198,0.514436
148.9794,-12.8361,349.2334,0.514592
149.2696,-12.8275,349.0443,0.514746
149.5575,-12.8191,348.8513,0.514902
149.8434,-12.8108,348.6544,0.515063
150.1516,-12.8018,348.4364,0.515228
150.4354,-12.7943,348.2312,0.515387
150.7182,-12.7869,348.0195,0.515540
151.0238,-12.7790,347.7839,0.515706
151.3075,-12.7709,347.5584,0.515865
151.5883,-12.7602,347.3302,0.516022
151.8687,-12.7495,347.0969,0.516181
152.1492,-12.7389,346.8584,0.516343
152.4305,-12.7283,346.6148,0.516499
152.7137,-12.7176,346.3663,0.516662
152.9991,-12.7069,346.1131,0.516826
153.2878,-12.6961,345.8558,0.516987
153.6053,-12.6841,345.5729,0.517171
153.9048,-12.6721,345.3073,0.517336
154.2049,-12.6595,345.0372,0.517506
154.5138,-12.6471,344.7665,0.517686
154.8025,-12.6356,344.5162,0.517835
155.1238,-12.6228,344.2406,0.518013
155.4520,-12.6098,343.9630,0.518195
155.7881,-12.5960,343.6840,0.518380
156.1606,-12.5801,343.3802,0.518575
156.5121,-12.5647,343.0994,0.518757
156.8713,-12.5490,342.8180,0.518948
157.2387,-12.5327,342.5362,0.519140
157.6144,-12.5154,342.2537,0.519333
158.0298,-12.4953,341.9488,0.519542
158.4875,-12.4733,341.6208,0.519772
158.9228,-12.4522,341.3161,0.519990
159.4022,-12.4288,340.9892,0.520221
159.8580,-12.4062,340.6866,0.520443
160.2875,-12.3848,340.4088,0.520656
160.7262,-12.3634,340.1328,0.520860
161.2117,-12.3398,339.8360,0.521088
161.6689,-12.3175,339.5650,0.521303
162.1743,-12.2930,339.2758,0.521536
162.6489,-12.2696,339.0145,0.521759
163.1314,-12.2459,338.7598,0.521974
163.6198,-12.2214,338.5130,0.522197
164.1132,-12.1971,338.2723,0.522412
164.6537,-12.1699,338.0240,0.522650
165.1578,-12.1446,337.8050,0.522873
165.6655,-12.1191,337.5958,0.523100
166.2629,-12.0887,337.3647,0.523351
166.7779,-12.0626,337.1767,0.523565
167.3394,-12.0340,336.9841,0.523804
167.8171,-12.0098,336.8326,0.524005
168.3842,-11.9814,336.6620,0.524246
168.9094,-11.9548,336.5140,0.524461
169.4368,-11.9280,336.3758,0.524678
169.9648,-11.9003,336.2460,0.524883
170.4941,-11.8722,336.1248,0.525102
170.9794,-11.8474,336.0212,0.525291
171.5094,-11.8197,335.9142,0.525501
172.0412,-11.7922,335.8140,0.525706
172.5734,-11.7632,335.7197,0.525913
173.1056,-11.7357,335.6323,0.526128
173.6430,-11.7075,335.5481,0.526335
174.2242,-11.6752,335.4614,0.526566
174.7625,-11.6453,335.3853,0.526787
175.2557,-11.6194,335.3203,0.526988
175.8425,-11.5904,335.2441,0.527224
176.4315,-11.5613,335.1703,0.527469
176.9795,-11.5311,335.1044,0.527688
177.5270,-11.4997,335.0414,0.527916
178.0748,-11.4693,334.9817,0.528137
178.6258,-11.4404,334.9205,0.528372
179.1783,-11.4115,334.8589,0.528597
179.7323,-11.3825,334.7971,0.528817
180.3348,-11.3510,334.7307,0.529072
180.8956,-11.3204,334.6697,0.529304
181.4078,-11.2899,334.6139,0.529518
181.9689,-11.2570,334.5543,0.529748
182.5327,-11.2252,334.4904,0.529973
183.0989,-11.1934,334.4257,0.530209
183.6673,-11.1614,334.3599,0.530445
184.2378,-11.1294,334.2924,0.530689
184.8577,-11.0953,334.2178,0.530951
185.4818,-11.0591,334.1410,0.531212
186.0104,-11.0268,334.0744,0.531438
186.5889,-10.9913,334.0002,0.531682
187.1698,-10.9556,333.9248,0.531929
187.7529,-10.9198,333.8481,0.532175
188.3383,-10.8839,333.7696,0.532428
188.9263,-10.8468,333.6896,0.532677
189.5663,-10.8043,333.6018,0.532956
190.1570,-10.7639,333.5185,0.533210
190.6997,-10.7268,333.4400,0.533450
191.2941,-10.6855,333.3507,0.533696
191.9390,-10.6393,333.2509,0.533980
192.5351,-10.5965,333.1548,0.534241
193.0830,-10.5566,333.0627,0.534479
193.7330,-10.4982,332.9283,0.534755
194.3304,-10.4232,332.8046,0.535025
194.9464,-10.3590,332.6999,0.535291
195.5469,-10.3067,332.5826,0.535555
196.1499,-10.2528,332.4616,0.535821
196.6807,-10.2600,332.3707,0.536065
197.2867,-10.2071,332.2429,0.536330
197.8906,-10.1488,332.1059,0.536597
198.5847,-10.0831,331.9348,0.536914
199.2369,-9.9474,331.7660,0.537203
199.8832,-9.8737,331.5900,0.537495
200.4710,-9.7993,331.4246,0.537764
201.0557,-9.7251,331.2473,0.538031
201.6340,-9.6491,331.0612,0.538298
202.2150,-9.5695,330.8649,0.538565
202.7894,-9.4889,330.6644,0.538835
203.3592,-9.3993,330.4500,0.539101
203.9695,-9.3467,330.2201,0.539392
204.5500,-9.2715,329.9965,0.539661
205.1634,-9.1875,329.7481,0.539949
205.7244,-9.1085,329.5118,0.540217
206.2882,-8.9598,329.2571,0.540483
206.8437,-8.8844,329.0112,0.540749
207.3911,-8.8102,328.7571,0.541010
207.9094,-8.7112,328.5054,0.541273
208.5165,-8.6310,328.2166,0.541557
209.0507,-8.5570,327.9737,0.541819
209.5818,-8.4686,327.6972,0.542084
210.0901,-8.3794,327.4046,0.542341
210.6170,-8.3007,327.1267,0.542608
211.1347,-8.2181,326.8365,0.542863
211.6082,-8.1421,326.5652,0.543104
212.1655,-8.0551,326.2342,0.543381
212.7210,-7.9668,325.8969,0.543667
213.2717,-7.8784,325.5524,0.543949
213.7758,-7.7981,325.2288,0.544215
214.2814,-7.7189,324.8974,0.544473
214.7872,-7.6387,324.5631,0.544736
215.2934,-7.5581,324.2243,0.544997
215.8429,-7.4703,323.8518,0.545291
216.3506,-7.3916,323.5032,0.545557
216.9054,-7.3057,323.1186,0.545848
217.4649,-7.2186,322.7281,0.546140
217.9852,-7.1375,322.3614,0.546420
218.5087,-7.0555,321.9883,0.546698
219.0344,-6.9758,321.6100,0.546975
219.6546,-6.8817,321.1602,0.547313
220.2359,-6.7933,320.7347,0.547621
220.8666,-6.6970,320.2679,0.547960
221.4103,-6.6136,319.8609,0.548248
221.9572,-6.5314,319.4482,0.548548
222.5095,-6.4481,319.0284,0.548845
223.1587,-6.3508,318.5309,0.549199
223.7199,-6.2679,318.0966,0.549509
224.3316,-6.1772,317.6191,0.549839
224.8996,-6.0935,317.1719,0.550159
225.4722,-6.0090,316.7181,0.550474
226.0966,-5.9176,316.2204,0.550811
226.6788,-5.8343,315.7539,0.551131
227.2657,-5.7504,315.2818,0.551456
227.8573,-5.6668,314.8044,0.551781
228.4539,-5.5827,314.3213,0.552109
229.1048,-5.4925,313.7930,0.552469
229.7636,-5.4039,313.2574,0.552828
230.4284,-5.3150,312.7162,0.553195
231.0490,-5.2339,312.2111,0.553537
231.7276,-5.1455,311.6594,0.553908
232.3596,-5.0669,311.1471,0.554254
232.9993,-4.9885,310.6295,0.554598
233.7001,-4.9041,310.0648,0.554987
234.2998,-4.8327,309.5837,0.555317
234.9586,-4.7558,309.0573,0.555676
235.6260,-4.6817,308.5266,0.556030
236.2995,-4.6077,307.9922,0.556396
236.9800,-4.5355,307.4544,0.556770
237.6675,-4.4615,306.9143,0.557140
238.3595,-4.3925,306.3735,0.557514
239.0602,-4.3234,305.8272,0.557892
239.8252,-4.2505,305.2334,0.558302
240.5394,-4.1831,304.6814,0.558680
241.3179,-4.1139,304.0833,0.559104
242.0446,-4.0529,303.5276,0.559491
242.7762,-3.9928,302.9705,0.559882
243.5754,-3.9304,302.3667,0.560302
244.3177,-3.8747,301.8097,0.560691
245.1271,-3.8188,301.2076,0.561125
245.8780,-3.7670,300.6516,0.561516
246.6306,-3.7175,300.1002,0.561914
247.4489,-3.6654,299.5053,0.562338
248.2064,-3.6200,298.9606,0.562727
249.0293,-3.5710,298.3740,0.563151
249.7907,-3.5260,297.8380,0.563538
250.5536,-3.4833,297.3080,0.563921
251.2556,-3.4453,296.8260,0.564287
252.0223,-3.4046,296.3062,0.564663
252.7915,-3.3649,295.7921,0.565060
253.5625,-3.3267,295.2850,0.565451
254.3365,-3.2914,294.7840,0.565826
255.1113,-3.2577,294.2895,0.566209
255.9544,-3.2242,293.7605,0.566619
256.7343,-3.1912,293.2814,0.567003
257.4526,-3.1668,292.8469,0.567345
258.2397,-3.1367,292.3795,0.567723
259.0246,-3.1113,291.9200,0.568092
259.7499,-3.0860,291.5044,0.568446
260.4732,-3.0626,291.0961,0.568787
261.2677,-3.0383,290.6563,0.569171
262.1275,-3.0103,290.1881,0.569584
262.9239,-2.9857,289.7629,0.569960
263.7227,-2.9602,289.3454,0.570325
264.5897,-2.9331,288.9008,0.570729
265.3242,-2.9106,288.5309,0.571084
266.1271,-2.8858,288.1330,0.571434
266.9309,-2.8599,287.7424,0.571807
267.7356,-2.8341,287.3581,0.572165
268.4735,-2.8103,287.0107,0.572500
269.3458,-2.7821,286.6046,0.572892
270.1503,-2.7547,286.2352,0.573246
270.9544,-2.7274,285.8698,0.573622
271.7581,-2.7001,285.5081,0.573987
272.5613,-2.6728,285.1494,0.574346
273.2969,-2.6481,284.8232,0.574685
274.1657,-2.6188,284.4408,0.575084
274.9674,-2.5918,284.0906,0.575447
275.7682,-2.5649,283.7431,0.575820
276.5020,-2.5415,283.4272,0.576151
277.3022,-2.5164,283.0845,0.576516
278.0352,-2.4934,282.7725,0.576856
278.8344,-2.4683,282.4344,0.577222
279.6999,-2.4409,282.0710,0.577618
280.4967,-2.4183,281.7382,0.577989
281.2941,-2.3960,281.4069,0.578356
282.0908,-2.3736,281.0778,0.578728
282.9531,-2.3495,280.7238,0.579114
283.7470,-2.3274,280.3999,0.579485
284.5407,-2.3087,280.0761,0.579844
285.3333,-2.2899,279.7535,0.580210
286.0590,-2.2727,279.4590,0.580546
286.8495,-2.2540,279.1388,0.580901
287.6378,-2.2352,278.8210,0.581269
288.4256,-2.2196,278.5024,0.581636
289.2121,-2.2041,278.1844,0.582005
290.0623,-2.1872,277.8400,0.582391
290.8463,-2.1715,277.5226,0.582756
291.5603,-2.1574,277.2316,0.583088
292.3399,-2.1449,276.9130,0.583443
293.1183,-2.1323,276.5941,0.583814
293.8951,-2.1198,276.2748,0.584170
294.7357,-2.1057,275.9291,0.584556
295.4431,-2.0937,275.6371,0.584886
296.2793,-2.0825,275.2902,0.585277
297.0497,-2.0722,274.9692,0.585634
297.8183,-2.0619,274.6475,0.586003
298.5851,-2.0517,274.3251,0.586363
299.3500,-2.0420,274.0028,0.586707
300.0501,-2.0337,273.7062,0.587038
300.8122,-2.0248,273.3818,0.587394
301.5094,-2.0166,273.0839,0.587730
302.2683,-2.0077,272.7583,0.588084
303.0258,-1.9991,272.4319,0.588437
303.7818,-1.9904,272.1049,0.588791
304.4733,-1.9825,271.8046,0.589120
305.2258,-1.9740,271.4762,0.589479
305.9135,-1.9665,271.1742,0.589804
306.6621,-1.9575,270.8422,0.590148
307.4081,-1.9486,270.5093,0.590508
308.1516,-1.9398,270.1745,0.590851
308.8311,-1.9318,269.8659,0.591184
309.5698,-1.9241,269.5274,0.591534
310.2458,-1.9172,269.2158,0.591852
310.9174,-1.9104,268.8952,0.592177
311.6469,-1.8765,268.5541,0.592527
312.3416,-1.8150,268.1143,0.592874
313.0081,-1.7889,267.7969,0.593194
313.7342,-1.7609,267.4525,0.593534
314.4947,-1.7750,267.2005,0.593884
315.1577,-1.7704,266.8787,0.594194
315.8778,-1.7651,266.5268,0.594547
316.5358,-1.7624,266.2024,0.594854
317.2508,-1.7582,265.8425,0.595210
317.9600,-1.7532,265.4841,0.595548
318.6098,-1.7484,265.1487,0.595863
319.3141,-1.7402,264.7856,0.596207
320.0182,-1.7334,264.4139,0.596544
320.7162,-1.7213,264.0451,0.596888
321.3553,-1.7153,263.7027,0.597198
322.0506,-1.7031,263.3218,0.597542
322.6827,-1.6945,262.9751,0.597851
323.3732,-1.6854,262.5893,0.598195
324.0036,-1.6754,262.2361,0.598510
324.6861,-1.6708,261.8471,0.598844
325.3692,-1.6645,261.4557,0.599178
326.1039,-1.6620,261.0299,0.599555
326.7826,-1.6629,260.6329,0.599896
327.4023,-1.6637,260.2672,0.600205
328.0771,-1.6674,259.8675,0.600540
328.7496,-1.6727,259.4625,0.600880
329.4210,-1.6762,259.0545,0.601218
330.0339,-1.6808,258.6829,0.601533
330.7003,-1.6875,258.2703,0.601873
331.3681,-1.6855,257.8533,0.602206
331.9763,-1.6843,257.4770,0.602516
332.6366,-1.6871,257.0573,0.602858
333.2986,-1.6818,256.6331,0.603195
334.0096,-1.6740,256.1736,0.603553
334.6630,-1.6668,255.7467,0.603891
335.2619,-1.6632,255.3601,0.604194
335.9129,-1.6589,254.9287,0.604539
336.5603,-1.6534,254.4946,0.604874
337.1923,-1.6737,254.0665,0.605208
337.7806,-1.7010,253.6641,0.605519
338.4194,-1.7307,253.2220,0.605850
339.0179,-1.7651,252.8080,0.606154
339.6443,-1.7358,252.3527,0.606489
340.2245,-1.7338,251.9440,0.606794
340.8983,-1.7303,251.4471,0.607156
341.5166,-1.7278,250.9827,0.607493
342.0848,-1.7269,250.5523,0.607791
342.7035,-1.7259,250.0829,0.608134
343.3201,-1.7249,249.6129,0.608462
343.9336,-1.7241,249.1407,0.608800
344.4935,-1.7238,248.7063,0.609097
345.1035,-1.7241,248.2300,0.609436
345.7130,-1.7244,247.7519,0.609766
346.2717,-1.7248,247.3111,0.610070
346.8816,-1.7252,246.8269,0.610405
347.4415,-1.7259,246.3800,0.610713
348.0546,-1.7270,245.8880,0.611053
348.6703,-1.7280,245.3924,0.611379
349.2373,-1.7289,244.9341,0.611698
349.8584,-1.7299,244.4296,0.612036
350.4821,-1.7312,243.9208,0.612386
351.0567,-1.7322,243.4495,0.612705
351.6870,-1.7329,242.9321,0.613053
352.3211,-1.7336,242.4101,0.613407
352.9591,-1.7344,241.8834,0.613764
353.5474,-1.7354,241.3968,0.614089
354.1397,-1.7367,240.9054,0.614419
354.7905,-1.7376,240.3659,0.614779
355.3915,-1.7385,239.8675,0.615113
356.0517,-1.7394,239.3198,0.615476
356.6610,-1.7406,238.8144,0.615819
357.2754,-1.7422,238.3046,0.616163
357.9511,-1.7437,237.7445,0.616531
358.5759,-1.7452,237.2271,0.616889
359.2631,-1.7467,236.6584,0.617267
359.8982,-1.7482,236.1334,0.617619
360.5969,-1.7498,235.5566,0.618004
361.2427,-1.7511,235.0244,0.618354
361.9531,-1.7526,234.4396,0.618744
362.6695,-1.7542,233.8507,0.619143
363.3926,-1.7550,233.2571,0.619539
364.0610,-1.7556,232.7090,0.619910
364.8513,-1.7564,232.0614,0.620346
365.6427,-1.7572,231.4132,0.620787
366.3729,-1.7570,230.8148,0.621184
367.1042,-1.7565,230.2156,0.621589
367.7737,-1.7560,229.6672,0.621960
368.4444,-1.7556,229.1177,0.622326
369.1789,-1.7544,228.5154,0.622722
369.8517,-1.7525,227.9641,0.623102
370.5846,-1.7503,227.3636,0.623502
371.2551,-1.7484,226.8142,0.623877
371.9847,-1.7462,226.2164,0.624273
372.6511,-1.7431,225.6695,0.624639
373.3755,-1.7396,225.0756,0.625033
374.0373,-1.7364,224.5331,0.625405
374.7564,-1.7329,223.9432,0.625803
375.4128,-1.7294,223.4033,0.626161
376.0665,-1.7251,222.8656,0.626522
376.7767,-1.7205,222.2806,0.626916
377.5427,-1.7156,221.6487,0.627344
378.2464,-1.7114,221.0673,0.627727
378.8890,-1.7076,220.5354,0.628089
379.5873,-1.7035,219.9570,0.628474
380.2828,-1.6993,219.3803,0.628861
380.9178,-1.6956,218.8531,0.629221
381.6076,-1.6924,218.2804,0.629605
382.2375,-1.6903,217.7561,0.629952
382.9223,-1.6881,217.1858,0.630334
383.5478,-1.6861,216.6647,0.630689
384.2281,-1.6836,216.0979,0.631061
384.9625,-1.6814,215.4875,0.631474
385.5818,-1.6800,214.9721,0.631822
386.1989,-1.6786,214.4584,0.632167
386.8698,-1.6771,213.9000,0.632539
387.4831,-1.6753,213.3897,0.632883
388.0944,-1.6735,212.8820,0.633236
388.7591,-1.6717,212.3296,0.633599
389.3662,-1.6700,211.8252,0.633942
389.9164,-1.6685,211.3682,0.634243
390.5201,-1.6668,210.8671,0.634584
391.0671,-1.6652,210.4133,0.634887
391.6671,-1.6635,209.9157,0.635220
392.3195,-1.6617,209.3748,0.635590
392.9156,-1.6601,208.8809,0.635926
393.5099,-1.6584,208.3887,0.636256
394.1023,-1.6569,207.8986,0.636589
394.7465,-1.6555,207.3656,0.636953
395.3885,-1.6541,206.8346,0.637314
395.9750,-1.6528,206.3497,0.637652
396.6127,-1.6515,205.8228,0.638014
397.1956,-1.6505,205.3411,0.638339
397.8293,-1.6492,204.8179,0.638693
398.3558,-1.6482,204.3835,0.638995
398.9333,-1.6470,203.9072,0.639326
399.5091,-1.6459,203.4326,0.639648
400.0824,-1.6461,202.9589,0.639981
400.6028,-1.6449,202.5305,0.640276
401.2254,-1.6436,202.0184,0.640639
401.8464,-1.6423,201.5085,0.640996
402.4139,-1.6410,201.0429,0.641319
402.9792,-1.6407,200.5793,0.641648
403.4917,-1.6395,200.1578,0.641933
404.0541,-1.6381,199.6972,0.642261
404.6150,-1.6366,199.2383,0.642599
405.1744,-1.6352,198.7811,0.642913
405.6817,-1.6338,198.3666,0.643193
406.2375,-1.6317,197.9129,0.643526
406.7917,-1.6299,197.4604,0.643849
407.3441,-1.6280,197.0096,0.644163
407.8448,-1.6264,196.6010,0.644459
408.3940,-1.6246,196.1531,0.644767
408.8923,-1.6221,195.7467,0.645066
409.4384,-1.6199,195.3032,0.645384
409.9825,-1.6182,194.8598,0.645692
410.5249,-1.6164,194.4178,0.646016
411.0163,-1.6149,194.0173,0.646300
411.5063,-1.6133,193.6181,0.646590
411.9960,-1.6103,193.2215,0.646872
412.5323,-1.6091,192.7852,0.647185
413.0183,-1.6081,192.3898,0.647460
413.5508,-1.6069,191.9563,0.647781
414.0806,-1.6057,191.5247,0.648084
414.5608,-1.6043,191.1340,0.648359
415.1322,-1.6013,190.6715,0.648687
415.6522,-1.5999,190.2491,0.648989
416.1677,-1.5984,189.8300,0.649287
416.6323,-1.5972,189.4521,0.649547
417.1390,-1.5958,189.0399,0.649840
417.5971,-1.5934,188.6678,0.650103
418.0962,-1.5906,188.2637,0.650382
418.5909,-1.5882,187.8620,0.650665
419.0812,-1.5857,187.4634,0.650959
419.5232,-1.5836,187.1037,0.651203
420.0057,-1.5812,186.7110,0.651473
420.4851,-1.5782,186.3207,0.651750
420.9605,-1.5754,185.9339,0.652024
421.4321,-1.5728,185.5480,0.652288
421.9001,-1.5703,185.1637,0.652555
422.3648,-1.5679,184.7806,0.652822
422.7847,-1.5657,184.4330,0.653053
423.2445,-1.5628,184.0506,0.653316
423.7424,-1.5604,183.6345,0.653600
424.1954,-1.5584,183.2519,0.653857
424.6856,-1.5563,182.8340,0.654147
425.1315,-1.5544,182.4503,0.654403
425.5739,-1.5527,182.0660,0.654659
426.0128,-1.5509,181.6807,0.654917
426.4472,-1.5489,181.2943,0.655177
426.8771,-1.5471,180.9065,0.655423
427.3410,-1.5453,180.4818,0.655702
427.7947,-1.5684,180.0475,0.655980
428.2494,-1.5645,179.6191,0.656265
428.6627,-1.5629,179.2233,0.656508
429.0599,-1.5232,178.8185,0.656771
429.4625,-1.5162,178.4205,0.656998
429.9105,-1.5045,177.9772,0.657284
430.2729,-1.4775,177.6167,0.657517
430.7016,-1.4451,177.1822,0.657782
431.1038,-1.4227,176.8071,0.658028
431.5241,-1.4191,176.3783,0.658292
431.9117,-1.4170,175.9801,0.658534
432.2950,-1.4155,175.5833,0.658783
432.6712,-1.4164,175.1817,0.659014
433.0741,-1.4177,174.7418,0.659287
433.4702,-1.4185,174.2975,0.659549
433.8593,-1.4204,173.8561,0.659808
434.2131,-1.4237,173.4477,0.660044
434.5626,-1.4265,173.0348,0.660285
434.9073,-1.4288,172.6232,0.660522
435.2792,-1.4331,172.1706,0.660782
435.6449,-1.4357,171.7119,0.661038
435.9754,-1.4372,171.2933,0.661272
436.3322,-1.4404,170.8333,0.661532
436.6846,-1.4426,170.3690,0.661788
437.0043,-1.4441,169.9427,0.662024
437.3202,-1.4457,169.5143,0.662259
437.6318,-1.4457,169.0815,0.662493
437.9406,-1.4452,168.6490,0.662731
438.2731,-1.4449,168.1749,0.662985
438.5739,-1.4442,167.7370,0.663222
438.8711,-1.4433,167.2975,0.663455
439.1648,-1.4420,166.8553,0.663690
439.4557,-1.4422,166.4144,0.663923
439.7420,-1.4436,165.9684,0.664161
440.0257,-1.4438,165.5184,0.664391
440.3053,-1.4428,165.0711,0.664633
440.6044,-1.4438,164.5778,0.664887
440.8759,-1.4442,164.1215,0.665121
441.1663,-1.4416,163.6240,0.665374
441.4276,-1.4398,163.1654,0.665609
441.6847,-1.4381,162.7046,0.665840
441.9608,-1.4364,162.2002,0.666099
442.2094,-1.4356,161.7354,0.666330
442.4761,-1.4349,161.2260,0.666582
442.7166,-1.4340,160.7565,0.666819
442.9510,-1.4320,160.2831,0.667049
443.1823,-1.4292,159.8099,0.667280
443.4296,-1.4274,159.2927,0.667534
443.6527,-1.4269,158.8147,0.667764
443.8925,-1.4258,158.2915,0.668021
444.1079,-1.4252,157.8101,0.668258
444.3383,-1.4252,157.2822,0.668511
444.5620,-1.4239,156.7499,0.668763
444.7821,-1.4222,156.2189,0.669018
444.9984,-1.4229,155.6842,0.669270
445.2099,-1.4243,155.1474,0.669530
445.4013,-1.4259,154.6530,0.669759
445.5891,-1.4275,154.1567,0.669995
445.7732,-1.4292,153.6588,0.670225
445.9690,-1.4292,153.1122,0.670482
446.1620,-1.4293,152.5654,0.670731
446.3341,-1.4301,152.0630,0.670964
446.5204,-1.4319,151.5124,0.671219
446.7038,-1.4329,150.9590,0.671478
446.8829,-1.4332,150.4047,0.671731
447.0432,-1.4332,149.8946,0.671968
447.2154,-1.4324,149.3368,0.672224
447.3840,-1.4312,148.7781,0.672482
447.5351,-1.4299,148.2640,0.672717
447.6837,-1.4280,147.7486,0.672958
447.8420,-1.4253,147.1853,0.673213
448.0089,-1.4223,146.5736,0.673490
448.1589,-1.4189,146.0067,0.673744
448.2932,-1.4158,145.4866,0.673981
448.4371,-1.4128,144.9178,0.674246
448.5770,-1.4097,144.3475,0.674498
448.7126,-1.4066,143.7760,0.674756
448.8335,-1.4038,143.2508,0.674992
448.9510,-1.4008,142.7241,0.675230
449.0662,-1.3981,142.1973,0.675470
449.1783,-1.3956,141.6687,0.675706
449.2865,-1.3930,141.1387,0.675938
449.4008,-1.3902,140.5602,0.676201
449.5114,-1.3878,139.9800,0.676457
449.6185,-1.3855,139.3985,0.676716
449.7212,-1.3829,138.8158,0.676978
449.8127,-1.3810,138.2805,0.677214
449.9084,-1.3788,137.6955,0.677479
449.9922,-1.3771,137.1586,0.677709
450.0798,-1.3756,136.5714,0.677973
450.1635,-1.3740,135.9830,0.678237
450.2363,-1.3726,135.4428,0.678471
450.3058,-1.3717,134.9017,0.678710
450.3721,-1.3708,134.3595,0.678947
450.4350,-1.3699,133.8165,0.679191
450.4995,-1.3691,133.2230,0.679451
450.5551,-1.3683,132.6780,0.679689
450.6118,-1.3673,132.0824,0.679954
450.6644,-1.3662,131.4860,0.680214
450.7091,-1.3651,130.9383,0.680455
450.7504,-1.3641,130.3898,0.680697
450.7916,-1.3620,129.7899,0.680958
450.8255,-1.3600,129.2395,0.681201
450.8607,-1.3611,128.6915,0.681444
450.8951,-1.3624,128.0849,0.681709
450.9190,-1.3595,127.5309,0.681952
450.9408,-1.3564,126.9255,0.682216
450.9584,-1.3520,126.3177,0.682482
450.9722,-1.3474,125.7092,0.682747
450.9846,-1.3448,125.1513,0.682993
450.9914,-1.3432,124.5885,0.683242
450.9977,-1.3388,124.0227,0.683491
450.9976,-1.3340,123.4053,0.683760
450.9936,-1.3290,122.8371,0.684004
450.9854,-1.3232,122.2159,0.684277
450.9738,-1.3176,121.5924,0.684549
450.9600,-1.3126,121.0177,0.684802
450.9412,-1.3069,120.3888,0.685075
450.9185,-1.3015,119.7581,0.685353
450.8932,-1.2967,119.1771,0.685607
450.8615,-1.2908,118.5421,0.685880
450.8287,-1.2856,117.9577,0.686140
450.7894,-1.2798,117.3179,0.686421
450.7458,-1.2741,116.6758,0.686700
450.6927,-1.2681,115.9775,0.687000
450.6442,-1.2628,115.3850,0.687264
450.5919,-1.2578,114.7906,0.687527
450.5255,-1.2519,114.0858,0.687830
450.4604,-1.2472,113.4329,0.688117
450.3959,-1.2427,112.8327,0.688379
450.3210,-1.2379,112.1759,0.688668
450.2424,-1.2333,111.5168,0.688953
450.1514,-1.2278,110.8010,0.689273
450.0623,-1.2229,110.1385,0.689559
449.9772,-1.2184,109.5297,0.689830
449.8786,-1.2135,108.8646,0.690124
449.7753,-1.2087,108.1980,0.690415
449.6281,-1.2040,107.5381,0.690708
449.4609,-1.1917,106.8820,0.691001
449.3371,-1.1931,106.2141,0.691296
449.2015,-1.1985,105.4887,0.691613
449.0654,-1.2005,104.8189,0.691915
448.9258,-1.2041,104.1488,0.692208
448.7782,-1.2088,103.4770,0.692512
448.6276,-1.2154,102.8024,0.692812
448.4680,-1.2187,102.1280,0.693112
448.4243,-1.2425,101.4764,0.693387
448.2580,-1.2373,100.7981,0.693686
448.0873,-1.2323,100.1183,0.693992
447.9139,-1.2271,99.4361,0.694303
447.7383,-1.2221,98.7511,0.694601
447.5604,-1.2174,98.0650,0.694906
447.3644,-1.2127,97.3187,0.695249
447.1803,-1.2091,96.6268,0.695554
446.9785,-1.2046,95.8732,0.695884
446.7877,-1.2006,95.1744,0.696199
446.6071,-1.1934,94.5281,0.696490
446.4076,-1.1922,93.8238,0.696806
446.1861,-1.1904,93.0499,0.697163
445.9767,-1.1889,92.3299,0.697488
445.7621,-1.1875,91.6050,0.697819
445.5237,-1.1861,90.8151,0.698170
445.2989,-1.1878,90.0825,0.698513
445.0683,-1.1891,89.3419,0.698843
444.8151,-1.1903,88.5332,0.699216
444.5770,-1.1915,87.7813,0.699559
444.3347,-1.1929,87.0251,0.699908
444.0889,-1.1967,86.2648,0.700255
443.8381,-1.2005,85.4970,0.700606
443.6060,-1.2039,84.7883,0.700935
443.3275,-1.2080,83.9453,0.701322
443.0668,-1.2119,83.1621,0.701681
442.8034,-1.2174,82.3746,0.702048
442.5359,-1.2241,81.5803,0.702421
442.2424,-1.2313,80.7136,0.702822
441.9678,-1.2382,79.9083,0.703195
441.6899,-1.2450,79.0979,0.703573
441.3861,-1.2528,78.2143,0.703982
441.0781,-1.2612,77.3238,0.704396
440.7906,-1.2690,76.4961,0.704777
440.5004,-1.2769,75.6631,0.705175
440.1832,-1.2885,74.7557,0.705596
439.8875,-1.2982,73.9101,0.705985
439.5891,-1.3061,73.0613,0.706381
439.2878,-1.3143,72.2071,0.706774
438.9838,-1.3229,71.3476,0.707179
438.6523,-1.3323,70.4107,0.707606
438.3454,-1.3411,69.5457,0.708007
438.0376,-1.3500,68.6788,0.708408
437.7263,-1.3603,67.8029,0.708811
437.3862,-1.3721,66.8449,0.709250
437.0705,-1.3831,65.9558,0.709666
436.7538,-1.3941,65.0620,0.710082
436.4361,-1.4054,64.1632,0.710495
436.1151,-1.4160,63.3446,0.710871
435.7936,-1.4264,62.4372,0.711287
435.4695,-1.4367,61.5259,0.711710
435.1433,-1.4463,60.6100,0.712132
434.8420,-1.4546,59.7664,0.712521
434.5470,-1.4634,58.8959,0.712901
434.2065,-1.4721,57.9891,0.713337
433.8724,-1.4817,57.0552,0.713771
433.5370,-1.4919,56.1162,0.714204
433.1728,-1.5030,55.0934,0.714681
432.8362,-1.5137,54.1443,0.715114
432.5269,-1.5252,53.2710,0.715500
432.2011,-1.5458,52.3040,0.715954
431.8795,-1.5521,51.4316,0.716356
431.5138,-1.5676,50.3865,0.716836
431.2050,-1.5817,49.4996,0.717236
430.8766,-1.6005,48.5062,0.717691
430.5047,-1.6147,47.4753,0.718175
430.1693,-1.6305,46.4999,0.718617
429.8344,-1.6461,45.5222,0.719059
429.5140,-1.6689,44.5374,0.719512
429.1657,-1.6774,43.5602,0.719963
428.8391,-1.6940,42.5533,0.720426
428.4968,-1.7107,41.5901,0.720861
428.1620,-1.7276,40.6016,0.721317
427.8272,-1.7449,39.6118,0.721778
427.4633,-1.7659,38.5368,0.722260
427.1061,-1.7890,37.4369,0.722752
426.7605,-1.8065,36.4628,0.723233
426.4496,-1.8257,35.5489,0.723628
426.1088,-1.8484,34.5490,0.724085
425.7390,-1.8731,33.4632,0.724578
425.3971,-1.8960,32.4585,0.725034
425.0541,-1.9215,31.4531,0.725498
424.7105,-1.9486,30.4441,0.725953
424.3667,-1.9757,29.4327,0.726409
424.0229,-2.0033,28.4195,0.726884
423.6781,-2.0331,27.4047,0.727329
423.3762,-2.0639,26.4671,0.727750
423.0460,-2.0906,25.5371,0.728176
422.7014,-2.1223,24.5156,0.728631
422.3561,-2.1564,23.4939,0.729094
422.0103,-2.1921,22.4691,0.729560
421.6650,-2.2280,21.4422,0.730023
421.3196,-2.2640,20.4136,0.730484
420.9980,-2.3032,19.3761,0.730942
420.6820,-2.3388,18.4295,0.731377
420.3393,-2.3776,17.3943,0.731838
419.9977,-2.4173,16.3583,0.732297
419.6570,-2.4592,15.3202,0.732770
419.3173,-2.5012,14.2815,0.733225
418.9781,-2.5432,13.2425,0.733696
418.6394,-2.5870,12.2034,0.734160
418.2724,-2.6351,11.0766,0.734664
417.9333,-2.6795,10.0359,0.735131
417.6223,-2.7209,9.0822,0.735551
417.2824,-2.7669,8.0412,0.736029
416.9421,-2.8130,7.0000,0.736493
416.6296,-2.8552,6.0456,0.736912
416.2887,-2.9053,5.0059,0.737391
415.9749,-2.9515,4.0518,0.737817
415.6606,-2.9977,3.0980,0.738244
415.3185,-3.0501,2.0594,0.738709
414.9746,-3.1073,1.0194,0.739168
414.6589,-3.1598,0.0662,0.739601
414.3143,-3.2171,-0.9735,0.740064
413.9708,-3.2777,-2.0114,0.740527
413.6547,-3.3348,-2.9635,0.740950
413.3384,-3.3920,-3.9151,0.741378
412.9936,-3.4542,-4.9515,0.741839
412.6778,-3.5142,-5.9013,0.742267
412.3330,-3.5799,-6.9365,0.742726
411.9883,-3.6456,-7.9705,0.743187
411.6439,-3.7119,-9.0019,0.743657
411.2990,-3.7813,-10.0330,0.744110
410.9539,-3.8507,-11.0627,0.744576
410.6374,-3.9142,-12.0052,0.744990
410.2922,-3.9850,-13.0302,0.745446
409.9738,-4.0526,-13.9701,0.745869
409.6270,-4.1261,-14.9939,0.746336
409.3087,-4.1935,-15.9314,0.746755
408.9617,-4.2688,-16.9506,0.747208
408.6415,-4.3412,-17.8856,0.747629
408.2929,-4.4201,-18.9044,0.748082
407.9730,-4.4923,-19.8373,0.748501
407.5950,-4.5816,-20.9359,0.749005
407.2454,-4.6681,-21.9510,0.749460
406.8958,-4.7546,-22.9653,0.749916
406.5765,-4.8341,-23.8925,0.750335
406.2278,-4.9277,-24.9051,0.750787
405.9081,-5.0135,-25.8325,0.751208
405.5595,-5.1070,-26.8435,0.751662
405.2121,-5.2059,-27.8515,0.752117
404.8638,-5.3055,-28.8603,0.752576
404.5163,-5.4056,-29.8668,0.753026
404.1972,-5.5018,-30.7897,0.753439
403.8488,-5.6068,-31.7957,0.753895
403.5303,-5.7033,-32.7164,0.754312
403.2112,-5.8023,-33.6371,0.754733
402.8918,-5.9013,-34.5572,0.755145
402.5723,-6.0002,-35.4767,0.755566
402.2827,-6.0929,-36.3106,0.755942
401.9344,-6.2050,-37.3121,0.756391
401.5858,-6.3169,-38.3128,0.756847
401.2663,-6.4209,-39.2277,0.757263
400.9171,-6.5376,-40.2262,0.757716
400.5963,-6.6445,-41.1406,0.758132
400.2748,-6.7514,-42.0542,0.758537
399.9532,-6.8595,-42.9654,0.758961
399.6301,-6.9707,-43.8767,0.759376
399.3062,-7.0819,-44.7874,0.759793
398.9816,-7.1930,-45.6973,0.760203
398.6560,-7.3042,-46.6064,0.760619
398.3009,-7.4294,-47.5952,0.761075
397.9731,-7.5451,-48.5018,0.761492
397.6441,-7.6609,-49.4073,0.761907
397.2831,-7.7872,-50.3938,0.762356
396.9208,-7.9151,-51.3777,0.762805
396.5560,-8.0445,-52.3611,0.763258
396.1895,-8.1739,-53.3435,0.763715
395.8210,-8.3034,-54.3247,0.764167
395.5128,-8.4123,-55.1401,0.764540
395.1392,-8.5442,-56.1188,0.764986
394.7966,-8.6643,-57.0151,0.765400
394.4525,-8.7843,-57.9105,0.765814
394.0759,-8.9150,-58.8851,0.766272
393.7270,-9.0382,-59.7783,0.766685
393.3783,-9.1591,-60.6705,0.767093
393.0284,-9.2800,-61.5620,0.767507
392.6454,-9.4119,-62.5336,0.767961
392.2933,-9.5334,-63.4229,0.768371
391.9390,-9.6549,-64.3115,0.768794
391.5517,-9.7870,-65.2797,0.769235
391.1955,-9.9081,-66.1662,0.769657
390.8052,-10.0398,-67.1325,0.770101
390.3812,-10.1821,-68.1772,0.770601
390.0203,-10.3027,-69.0599,0.771007
389.6581,-10.4234,-69.9413,0.771424
389.2607,-10.5534,-70.9031,0.771873
388.8974,-10.6717,-71.7819,0.772292
388.5308,-10.7910,-72.6592,0.772706
388.1627,-10.9103,-73.5350,0.773121
387.7920,-11.0272,-74.4119,0.773532
387.4572,-11.1305,-75.2056,0.773907
387.0849,-11.2458,-76.0774,0.774321
386.7110,-11.3610,-76.9475,0.774743
386.3684,-11.4646,-77.7407,0.775113
385.9942,-11.5711,-78.6088,0.775527
385.6167,-11.6796,-79.4757,0.775936
385.2378,-11.7880,-80.3409,0.776353
384.8906,-11.8862,-81.1304,0.776726
384.5112,-11.9828,-81.9937,0.777143
384.0942,-12.0900,-82.9337,0.777596
383.7107,-12.1882,-83.7924,0.778009
383.3246,-12.2844,-84.6524,0.778418
382.9411,-12.3681,-85.5038,0.778837
382.5915,-12.4447,-86.2736,0.779198
382.2064,-12.5288,-87.1156,0.779607
381.7845,-12.6196,-88.0332,0.780056
381.3995,-12.6898,-88.8662,0.780454
381.0143,-12.7601,-89.6942,0.780856
380.6289,-12.8303,-90.5172,0.781251
380.2069,-12.9067,-91.4132,0.781691
379.8219,-12.9634,-92.2258,0.782082
379.4374,-13.0199,-93.0325,0.782474
379.0178,-13.0813,-93.9065,0.782908
378.6329,-13.1375,-94.7030,0.783296
378.2453,-13.1835,-95.4991,0.783687
377.8948,-13.2237,-96.2149,0.784044
377.5092,-13.2678,-96.9966,0.784425
377.1260,-13.3114,-97.7680,0.784806
376.7434,-13.3495,-98.5309,0.785188
376.3634,-13.3821,-99.2827,0.785552
375.9485,-13.4175,-100.0950,0.785969
375.5681,-13.4499,-100.8327,0.786328
375.1866,-13.4807,-101.5671,0.786694
374.8052,-13.5046,-102.2930,0.787063
374.4245,-13.5283,-103.0122,0.787428
374.0437,-13.5520,-103.7253,0.787780
373.6631,-13.5756,-104.4328,0.788141
373.2802,-13.5954,-105.1368,0.788494
372.9341,-13.6110,-105.7703,0.788818
372.5182,-13.6297,-106.5242,0.789203
372.1369,-13.6468,-107.2097,0.789550
371.7551,-13.6639,-107.8911,0.789903
371.3721,-13.6773,-108.5661,0.790244
370.9895,-13.6901,-109.2349,0.790592
370.5714,-13.7041,-109.9575,0.790964
370.1876,-13.7170,-110.6139,0.791299
369.7680,-13.7305,-111.3246,0.791667
369.3822,-13.7411,-111.9692,0.792002
368.9604,-13.7526,-112.6654,0.792369
368.5724,-13.7633,-113.2974,0.792697
368.1832,-13.7740,-113.9240,0.793028
367.7921,-13.7839,-114.5464,0.793356
367.3636,-13.7934,-115.2178,0.793710
366.9686,-13.8023,-115.8270,0.794039
366.5717,-13.8112,-116.4306,0.794352
366.1728,-13.8202,-117.0292,0.794675
365.7350,-13.8291,-117.6778,0.795021
365.3314,-13.8364,-118.2662,0.795334
364.8882,-13.8445,-118.9026,0.795678
364.4795,-13.8521,-119.4813,0.795995
364.0688,-13.8598,-120.0561,0.796305
363.6189,-13.8676,-120.6792,0.796645
363.1657,-13.8757,-121.2961,0.796987
362.7475,-13.8833,-121.8563,0.797291
362.3268,-13.8911,-122.4112,0.797602
361.9033,-13.8990,-122.9610,0.797909
361.4400,-13.9074,-123.5556,0.798237
361.0106,-13.9167,-124.0943,0.798551
360.5383,-13.9271,-124.6751,0.798874
360.1018,-13.9369,-125.2011,0.799184
359.6260,-13.9570,-125.7716,0.799506
359.1406,-13.9749,-126.3328,0.799837
358.6547,-13.9922,-126.8896,0.800161
358.1631,-14.0086,-127.4373,0.800489
357.7095,-14.0192,-127.9331,0.800784
357.2117,-14.0269,-128.4660,0.801108
356.7083,-14.0300,-128.9936,0.801427
356.2036,-14.0290,-129.5141,0.801746
355.7386,-14.0275,-129.9873,0.802042
355.2281,-14.0252,-130.4992,0.802357
354.6743,-14.0253,-131.0476,0.802700
354.1618,-14.0294,-131.5488,0.803013
353.6479,-14.0381,-132.0463,0.803336
353.0449,-14.0292,-132.6330,0.803698
352.4858,-14.0103,-133.1583,0.804037
351.9784,-13.9950,-133.6329,0.804346
351.4203,-14.0025,-134.1543,0.804678
350.9059,-14.0107,-134.6365,0.804990
350.3909,-14.0188,-135.1137,0.805294
349.8761,-14.0280,-135.5815,0.805602
349.4024,-14.0370,-136.0046,0.805881
348.8405,-14.0480,-136.4986,0.806209
348.3205,-14.0584,-136.9481,0.806510
347.7986,-14.0689,-137.3926,0.806808
347.2738,-14.0787,-137.8339,0.807111
346.7031,-14.0889,-138.3052,0.807429
346.1285,-14.0991,-138.7707,0.807755
345.5959,-14.1070,-139.1942,0.808052
344.9711,-14.1163,-139.6815,0.808400
344.3873,-14.1236,-140.1293,0.808722
343.8457,-14.1303,-140.5373,0.809014
343.2559,-14.1375,-140.9745,0.809337
342.7082,-14.1444,-141.3738,0.809631
342.1113,-14.1517,-141.8021,0.809952
341.5579,-14.1591,-142.1939,0.810245
340.9545,-14.1673,-142.6143,0.810565
340.3482,-14.1763,-143.0299,0.810883
339.7853,-14.1855,-143.4097,0.811179
339.1729,-14.1960,-143.8187,0.811501
338.5571,-14.2074,-144.2251,0.811820
337.9385,-14.2187,-144.6283,0.812142
337.3169,-14.2306,-145.0274,0.812460
336.7411,-14.2412,-145.3933,0.812759
336.1152,-14.2531,-145.7874,0.813074
335.4866,-14.2654,-146.1791,0.813396
334.8552,-14.2778,-146.5677,0.813716
334.2212,-14.2898,-146.9524,0.814037
333.5854,-14.3016,-147.3345,0.814359
332.9474,-14.3134,-147.7143,0.814679
332.3565,-14.3245,-148.0625,0.814976
331.6640,-14.3369,-148.4655,0.815325
331.0193,-14.3481,-148.8359,0.815645
330.3226,-14.3603,-149.2319,0.815995
329.6734,-14.3717,-149.5972,0.816314
328.9718,-14.3843,-149.9874,0.816660
328.3173,-14.3941,-150.3468,0.816985
327.6617,-14.4040,-150.7026,0.817307
327.0041,-14.4140,-151.0557,0.817630
326.3446,-14.4241,-151.4068,0.817952
325.6830,-14.4343,-151.7554,0.818277
325.0185,-14.4422,-152.1015,0.818600
324.3533,-14.4502,-152.4439,0.818925
323.6349,-14.4590,-152.8098,0.819272
322.9660,-14.4673,-153.1475,0.819596
322.2939,-14.4754,-153.4836,0.819919
321.6214,-14.4807,-153.8160,0.820246
320.9473,-14.4862,-154.1452,0.820569
320.2716,-14.4919,-154.4717,0.820893
319.5420,-14.4980,-154.8211,0.821242
318.8612,-14.5027,-155.1436,0.821565
318.1803,-14.5052,-155.4623,0.821891
317.4979,-14.5078,-155.7777,0.822218
316.8140,-14.5105,-156.0906,0.822543
316.1284,-14.5134,-156.4013,0.822867
315.4931,-14.5144,-156.6863,0.823172
314.8043,-14.5146,-156.9912,0.823493
314.1136,-14.5140,-157.2928,0.823818
313.4219,-14.5121,-157.5902,0.824147
312.7821,-14.5102,-157.8616,0.824448
312.0874,-14.5080,-158.1518,0.824771
311.3904,-14.5055,-158.4371,0.825097
310.7455,-14.5025,-158.6964,0.825403
310.0989,-14.4994,-158.9510,0.825701
309.3976,-14.4959,-159.2228,0.826027
308.6940,-14.4930,-159.4904,0.826351
307.9877,-14.4893,-159.7526,0.826678
307.3345,-14.4861,-159.9905,0.826978
306.6248,-14.4823,-160.2420,0.827306
305.9135,-14.4791,-160.4894,0.827634
305.2541,-14.4761,-160.7125,0.827933
304.5394,-14.4723,-160.9502,0.828262
303.8260,-14.4817,-161.1614,0.828588
303.1551,-14.4897,-161.3745,0.828890
302.4373,-14.5311,-161.6181,0.829215
301.7148,-14.5192,-161.8324,0.829548
301.0464,-14.5070,-162.0217,0.829845
300.2640,-14.4927,-162.2336,0.830199
299.5358,-14.4804,-162.4237,0.830526
298.8042,-14.4712,-162.6091,0.830853
298.0140,-14.4659,-162.8035,0.831208
297.2798,-14.4655,-162.9773,0.831533
296.4885,-14.4691,-163.1545,0.831889
295.7527,-14.4755,-163.3099,0.832216
295.0153,-14.4834,-163.4573,0.832544
294.2780,-14.4460,-163.5999,0.832874
293.4790,-14.4432,-163.7360,0.833226
292.7357,-14.4404,-163.8602,0.833550
291.9905,-14.4384,-163.9785,0.833877
291.1856,-14.4369,-164.0964,0.834232
290.4357,-14.4371,-164.1972,0.834561
289.6284,-14.4371,-164.3026,0.834913
288.8803,-14.4378,-164.3931,0.835244
288.1289,-14.4394,-164.4752,0.835573
287.3136,-14.4413,-164.5589,0.835929
286.5489,-14.4444,-164.6315,0.836264
285.7772,-14.4471,-164.6989,0.836598
284.9984,-14.4501,-164.7603,0.836942
284.2116,-14.4533,-164.8169,0.837280
283.2943,-14.4579,-164.8768,0.837680
282.3647,-14.4626,-164.9305,0.838089
281.5504,-14.4666,-164.9734,0.838441
280.7280,-14.4708,-165.0127,0.838797
279.8341,-14.4758,-165.0512,0.839182
278.9297,-14.4813,-165.0860,0.839580
278.0814,-14.4860,-165.1163,0.839943
277.2243,-14.4910,-165.1438,0.840324
276.2916,-14.4966,-165.1700,0.840723
275.3469,-14.5029,-165.1927,0.841132
274.4594,-14.5084,-165.2119,0.841518
273.5616,-14.5141,-165.2283,0.841911
272.6540,-14.5200,-165.2416,0.842309
271.6641,-14.5269,-165.2521,0.842734
270.8060,-14.5326,-165.2590,0.843105
269.8659,-14.5388,-165.2638,0.843512
268.8425,-14.5458,-165.2656,0.843951
267.8809,-14.5525,-165.2642,0.844370
266.9167,-14.5588,-165.2610,0.844790
265.8761,-14.5657,-165.2555,0.845250
264.7459,-14.5732,-165.2465,0.845732
263.6779,-14.5792,-165.2375,0.846200
262.6774,-14.5849,-165.2287,0.846631
261.6686,-14.5906,-165.2195,0.847072
260.6509,-14.5954,-165.2097,0.847501
259.4665,-14.6000,-165.1994,0.848023
258.3511,-14.6044,-165.1901,0.848503
257.3065,-14.6082,-165.1812,0.848966
256.1728,-14.6111,-165.1727,0.849445
255.1114,-14.6138,-165.1654,0.849908
254.1243,-14.6162,-165.1593,0.850336
253.0465,-14.6183,-165.1533,0.850802
251.8769,-14.6201,-165.1487,0.851303
250.6976,-14.6219,-165.1461,0.851824
249.5087,-14.6235,-165.1452,0.852340
248.3964,-14.6246,-165.1465,0.852820
247.1898,-14.6258,-165.1499,0.853344
245.9743,-14.6273,-165.1542,0.853870
244.8375,-14.6285,-165.1597,0.854364
243.6046,-14.6299,-165.1668,0.854899
242.3628,-14.6312,-165.1752,0.855436
241.2018,-14.6331,-165.1838,0.855942
240.0327,-14.6348,-165.1937,0.856454
238.7653,-14.6367,-165.2052,0.857006
237.5809,-14.6390,-165.2162,0.857529
236.2969,-14.6418,-165.2276,0.858092
235.1894,-14.6443,-165.2365,0.858576
233.9828,-14.6470,-165.2451,0.859103
232.7687,-14.6503,-165.2517,0.859636
231.5469,-14.6537,-165.2565,0.860168
230.2221,-14.6572,-165.2603,0.860746
228.9836,-14.6610,-165.2617,0.861288
227.5445,-14.6655,-165.2615,0.861917
226.2884,-14.6691,-165.2602,0.862464
224.9267,-14.6735,-165.2567,0.863060
223.6543,-14.6777,-165.2519,0.863619
222.4727,-14.6814,-165.2464,0.864133
221.1863,-14.6854,-165.2401,0.864699
219.8925,-14.6896,-165.2325,0.865264
218.5913,-14.6938,-165.2245,0.865833
217.3843,-14.6976,-165.2174,0.866353
216.0729,-14.7019,-165.2089,0.866923
214.6609,-14.7065,-165.1996,0.867534
213.3405,-14.7108,-165.1911,0.868118
212.0125,-14.7152,-165.1822,0.868684
210.6787,-14.7197,-165.1733,0.869270
209.3392,-14.7236,-165.1645,0.869846
207.9943,-14.7275,-165.1559,0.870415
206.6438,-14.7314,-165.1478,0.871005
205.2873,-14.7342,-165.1399,0.871576
203.7157,-14.7371,-165.1320,0.872257
202.2424,-14.7398,-165.1253,0.872893
200.7624,-14.7408,-165.1189,0.873517
199.3831,-14.7416,-165.1143,0.874106
197.9979,-14.7425,-165.1095,0.874705
196.5009,-14.7411,-165.1061,0.875345
194.9980,-14.7398,-165.1037,0.875979
193.4892,-14.7387,-165.1015,0.876624
192.0827,-14.7375,-165.1009,0.877224
190.6711,-14.7364,-165.1011,0.877827
189.1460,-14.7366,-165.1021,0.878478
187.7238,-14.7380,-165.1039,0.879086
186.1867,-14.7395,-165.1067,0.879736
184.6443,-14.7422,-165.1110,0.880393
183.2068,-14.7449,-165.1160,0.881002
181.6537,-14.7479,-165.1226,0.881666
180.2069,-14.7505,-165.1300,0.882273
178.6441,-14.7534,-165.1392,0.882943
177.1886,-14.7564,-165.1487,0.883561
175.7288,-14.7594,-165.1588,0.884180
174.2650,-14.7626,-165.1696,0.884805
172.6836,-14.7666,-165.1814,0.885473
171.0971,-14.7706,-165.1934,0.886148
169.6200,-14.7740,-165.2048,0.886776
168.1384,-14.7775,-165.2157,0.887407
166.6522,-14.7807,-165.2262,0.888045
165.1620,-14.7831,-165.2364,0.888674
163.6676,-14.7856,-165.2461,0.889307
162.1688,-14.7880,-165.2553,0.889944
160.5499,-14.7903,-165.2648,0.890631
159.0423,-14.7925,-165.2730,0.891269
157.5304,-14.7950,-165.2809,0.891911
155.8974,-14.7977,-165.2886,0.892604
154.3767,-14.8004,-165.2952,0.893247
152.8517,-14.8036,-165.3012,0.893904
151.4401,-14.8065,-165.3062,0.894494
149.9071,-14.8103,-165.3111,0.895150
148.3696,-14.8143,-165.3153,0.895797
146.7092,-14.8187,-165.3193,0.896508
145.1630,-14.8229,-165.3225,0.897159
143.4930,-14.8275,-165.3254,0.897864
141.9377,-14.8311,-165.3282,0.898531
140.4983,-14.8345,-165.3307,0.899143
138.8142,-14.8382,-165.3338,0.899858
137.2462,-14.8414,-165.3368,0.900514
135.6740,-14.8445,-165.3399,0.901186
133.9761,-14.8474,-165.3436,0.901911
132.3953,-14.8499,-165.3472,0.902579
130.8105,-14.8526,-165.3512,0.903252
129.2215,-14.8555,-165.3556,0.903923
127.6284,-14.8584,-165.3604,0.904598
126.0315,-14.8625,-165.3655,0.905277
124.5536,-14.8664,-165.3706,0.905903
122.9487,-14.8707,-165.3764,0.906585
121.3398,-14.8754,-165.3824,0.907274
119.6023,-14.8804,-165.3892,0.908009
117.9850,-14.8848,-165.3960,0.908692
116.3636,-14.8893,-165.4031,0.909378
114.7382,-14.8936,-165.4105,0.910074
113.1089,-14.8979,-165.4182,0.910766
111.4756,-14.9024,-165.4261,0.911458
109.7124,-14.9068,-165.4352,0.912214
108.0725,-14.9113,-165.4441,0.912905
106.4258,-14.9178,-165.4528,0.913604
104.6501,-14.9206,-165.4626,0.914358
102.9979,-14.9251,-165.4716,0.915059
101.3413,-14.9301,-165.4806,0.915768
99.5531,-14.9351,-165.4900,0.916522
97.8891,-14.9396,-165.4984,0.917234
96.2212,-14.9440,-165.5066,0.917939
94.5498,-14.9470,-165.5143,0.918653
92.8748,-14.9500,-165.5217,0.919362
91.0670,-14.9564,-165.5291,0.920131
89.3850,-14.9585,-165.5355,0.920852
87.7008,-14.9629,-165.5419,0.921563
85.8821,-14.9704,-165.5475,0.922335
83.9291,-14.9777,-165.5527,0.923169
82.1034,-14.9827,-165.5570,0.923941
80.4055,-14.9928,-165.5612,0.924667
78.8364,-14.9972,-165.5635,0.925328
77.1360,-15.0019,-165.5658,0.926059
75.4354,-15.0063,-165.5670,0.926782
73.7361,-15.0097,-165.5681,0.927506
72.0384,-15.0135,-165.5685,0.928225
70.2123,-15.0171,-165.5686,0.929001
68.5189,-15.0204,-165.5681,0.929723
66.9578,-15.0235,-165.5669,0.930381
65.1395,-15.0269,-165.5650,0.931151
63.4539,-15.0298,-165.5625,0.931872
61.6422,-15.0328,-165.5590,0.932647
59.9632,-15.0357,-165.5550,0.933359
58.2877,-15.0391,-165.5504,0.934075
56.7442,-15.0422,-165.5454,0.934733
55.0757,-15.0468,-165.5390,0.935436
53.4104,-15.0518,-165.5316,0.936149
51.7489,-15.0572,-165.5229,0.936861
50.0906,-15.0630,-165.5127,0.937562
48.5630,-15.0683,-165.5022,0.938212
46.9112,-15.0742,-165.4896,0.938924
45.2628,-15.0798,-165.4761,0.939628
43.4910,-15.0857,-165.4604,0.940372
41.8494,-15.0906,-165.4450,0.941075
40.2107,-15.0950,-165.4288,0.941773
38.5757,-15.0986,-165.4120,0.942469
37.0692,-15.1021,-165.3961,0.943110
35.4402,-15.1060,-165.3790,0.943800
33.8147,-15.1100,-165.3624,0.944496
32.1918,-15.1157,-165.3466,0.945185
30.4476,-15.1217,-165.3308,0.945926
28.8314,-15.1275,-165.3175,0.946616
27.2184,-15.1336,-165.3051,0.947304
25.4846,-15.1398,-165.2931,0.948038
23.8789,-15.1452,-165.2833,0.948723
22.2762,-15.1506,-165.2740,0.949403
20.5539,-15.1560,-165.2655,0.950134
18.9580,-15.1612,-165.2582,0.950821
17.2429,-15.1667,-165.2514,0.951540
15.5316,-15.1719,-165.2458,0.952275
13.9458,-15.1768,-165.2415,0.952951
12.4848,-15.1813,-165.2381,0.953563
10.9052,-15.1859,-165.2351,0.954237
9.4500,-15.1900,-165.2329,0.954858
7.8766,-15.1944,-165.2310,0.955527
6.3063,-15.1983,-165.2296,0.956192
4.8598,-15.2017,-165.2289,0.956810
3.2952,-15.2050,-165.2281,0.957478
1.7343,-15.2065,-165.2283,0.958139
0.1771,-15.2080,-165.2289,0.958801
-1.3786,-15.2062,-165.2282,0.959463
-2.9297,-15.2036,-165.2290,0.960122
-4.4776,-15.2018,-165.2282,0.960781
-5.9035,-15.1993,-165.2284,0.961388
-7.5629,-15.1997,-165.2280,0.962089
-9.2196,-15.2013,-165.2275,0.962799
-10.8725,-15.2041,-165.2265,0.963500
-12.4044,-15.2068,-165.2254,0.964153
-14.0511,-15.2089,-165.2232,0.964858
-15.5766,-15.2100,-165.2212,0.965499
-16.9817,-15.2113,-165.2192,0.966101
-18.5018,-15.2129,-165.2161,0.966750
-19.9020,-15.2144,-165.2134,0.967337
-21.4156,-15.2169,-165.2103,0.967986
-22.9265,-15.2207,-165.2068,0.968635
-24.4345,-15.2245,-165.2032,0.969273
-25.9394,-15.2285,-165.1994,0.969914
-27.5571,-15.2332,-165.1954,0.970600
-28.9411,-15.2372,-165.1925,0.971187
-30.4378,-15.2415,-165.1895,0.971822
-31.8168,-15.2448,-165.1877,0.972413
-33.3078,-15.2483,-165.1863,0.973049
-34.7958,-15.2519,-165.1855,0.973683
-36.2809,-15.2558,-165.1853,0.974314
-37.6490,-15.2593,-165.1854,0.974894
-39.1279,-15.2633,-165.1864,0.975531
-40.4907,-15.2683,-165.1869,0.976108
-41.8510,-15.2733,-165.1874,0.976681
-43.3218,-15.2785,-165.1888,0.977311
-44.7897,-15.2841,-165.1894,0.977933
-46.1422,-15.2892,-165.1899,0.978511
-47.4925,-15.2935,-165.1906,0.979079
-48.9523,-15.2975,-165.1911,0.979710
-50.2972,-15.3012,-165.1915,0.980278
-51.7517,-15.3047,-165.1919,0.980904
-53.2032,-15.3080,-165.1923,0.981517
-54.6518,-15.3114,-165.1926,0.982128
-56.0976,-15.3149,-165.1928,0.982749
-57.4296,-15.3181,-165.1927,0.983318
-58.8692,-15.3230,-165.1926,0.983927
-60.1960,-15.3284,-165.1915,0.984492
-61.8502,-15.3354,-165.1909,0.985194
-63.2818,-15.3455,-165.1885,0.985807
-64.7106,-15.3555,-165.1854,0.986414
-66.1372,-15.3648,-165.1837,0.987018
-67.4516,-15.3733,-165.1811,0.987582
-68.8731,-15.3826,-165.1786,0.988187
-70.2933,-15.3876,-165.1769,0.988796
-71.6009,-15.3913,-165.1759,0.989346
-73.0147,-15.3953,-165.1756,0.989953
-74.4261,-15.3979,-165.1759,0.990547
-75.7262,-15.4003,-165.1772,0.991102
-77.0240,-15.4026,-165.1792,0.991659
-78.4268,-15.4071,-165.1825,0.992247
-79.7197,-15.4114,-165.1859,0.992793
-81.1177,-15.4161,-165.1903,0.993395
-82.4057,-15.4206,-165.1953,0.993938
-83.6914,-15.4252,-165.2004,0.994487
-84.9746,-15.4298,-165.2057,0.995021
-86.1493,-15.4329,-165.2107,0.995521
-87.4281,-15.4361,-165.2164,0.996068
-88.7047,-15.4392,-165.2223,0.996607
-89.9791,-15.4420,-165.2280,0.997138
-91.2511,-15.4444,-165.2340,0.997683
-92.4151,-15.4467,-165.2396,0.998172
-93.6828,-15.4492,-165.2456,0.998708
-95.0536,-15.4519,-165.2523,0.999288
-96.3167,-15.4544,-165.2585,0.999848
